=== v16 runner  2026-09-26 13:56:30  fast, 1 条 ===
    (上一份日志已归档: _runall_20260926-135630.log)

--- 运行环境（只登记, 不参与任何判定）---
    本机时间 2026-09-26 13:56:30   (UTC 2026-09-26 05:56:30)
    platform Windows-10-10.0.19045-SP0
    CPU 逻辑核 8   Python 3.13.9
    全机 CPU 忙占比 = (Δ(内核+用户) − Δ空闲) / Δ(内核+用户), 源为
      kernel32!GetSystemTimes 的**整机**累计计数 —— 含**其它进程**的活动,
      记的是「这台机器当时在忙什么」, 不是子进程自身占用。逐条见其 EXIT 行。

==============================================================================
[full_pipeline+claim_ledger]  -c 
import sys, os
sys.path.insert(0, sys.argv[1])
import spiral_model_v16 as M
try:
    M.main()
except SystemExit as exc:
    if exc.code not in (0, None):
        print(f"!! 全流程 sys.exit({exc.code}) —— 不继续做同进程审计")
        sys.exit(exc.code)
from _v16_claim_ledger import claim_test_ledger
res = claim_test_ledger()
sys.exit(0 if res['ok'] else 3)
 D:\dev\product\python\spiral-emergence\v16
  note: --full 专有: `spiral_model_v16.main()` 全流程 **与** `claim_test_ledger()` 在**同一个子进程**内先后执行（同进程是硬要求, 见 claim_ledger docstring）。放在一个子进程里而非 runner 自己进程里, 是为了不污染 runner、且崩溃不带走 runner。
------------------------------------------------------------------------------
============================================================================
  空无到照见 · v16
  量化指标评估层 (三层体检报告) —— 不加任何新物理阶段
  阶段间因果链 (函数式派生) | 闭环螺旋 spiral_loop()
  负对照与交叉检验: F1 跨边界 c | F2a h/J 扫描 | F5 双路径对表 | F6 零模型对照族
============================================================================

  旋钮 (不可约外部输入, 不是派生量):
    L_chain              = 16
    d_local              = 2
    L_domain             = 0.5
    n_lambda             = 3.0
    pts_per_wavelength   = 12.0
    F                    = 0.035
    k                    = 0.06
    dt                   = 1.0
    Du                   = 2e-05
    Dv                   = 1e-05
    其余所有下游参数由上游实测物理量派生, 见下方因果链台账。
[阶段一] 空无基底: 局部维度 d=2, 酉条件数=1.00
  [L1] 空无 -> 链: d_local=2 张成 65536 维, dim_full=65536, 与 2^16 匹配=True
  [L1] |<void|gs(h/J)>|^2 = 2:0.763404, 4:0.938351, 8:0.984428, 16:0.996097, 32:0.999024  (对 h/J 单调上升=True)
  [L1] 空无的局部维度 2 张成 16 个自旋的全空间: dim_full = 65536 (= 2^16), 实际维数匹配 = True
  [L1] 推离 (h/J=32): theta=0.1:0.960446, theta=0.3:0.700098, theta=0.6:0.237204  → theta*=0.3 (overlap=0.7000981430032155)
[阶段二] 临界点对称性破缺: L=16, h/J=1.0
  E0/L=-1.275287, S(L/2)=0.7501, Schmidt 极化=250.673, gap=p1/p0=0.366151

  --- 因果链: 从阶段二的约化密度矩阵谱派生下游参数 ---

============================================================================
  阶段三 · 自指的动力学涌现
============================================================================
   [L2 物理算例] 由纠缠谱派生的谱隙 = 0.366151
        理论收敛比 = 0.366151, 实测收敛比 = 0.358751, 步数 = 35
[阶段三-a] 幂迭代: 一般 (非正规) 矩阵 N=128
   gap=0.90 eps=0.05 (cond(V)=6): 理论比=0.9000, 实测比=0.8955, 步数=260, 残差=8.6e-14, 非正规性=0.0149
   gap=0.50 eps=0.05 (cond(V)=7): 理论比=0.5000, 实测比=0.4878, 步数= 45, 残差=2.8e-14, 非正规性=0.0374
   gap=0.20 eps=0.05 (cond(V)=6): 理论比=0.2000, 实测比=0.1926, 步数= 22, 残差=4.6e-15, 非正规性=0.2426
   gap=0.05 eps=0.05 (cond(V)=6): 理论比=0.0500, 实测比=0.0473, 步数= 12, 残差=9.0e-16, 非正规性=0.9116
   第 2 组 Jordan 块 N=6, 特征值全 = 0.9 (谱半径=0.900 < 1, 非正规性=0.049):
     只有 1 个不同特征值 -> 谱隙 |λ2/λ1| = 1.00, 线性收敛不被预言; 实测方向步长比 = 0.9993 (吻合, 方向不收敛)
     状态范数 ‖A^k x₀‖: 1.000 (k=1: 1.053) -> 峰值 145.51 (k=47) -> 先涨后落, k=149 才最后一次跌破初值并保持, k=300 衰减到 3.82e-06 (ρ^k=1.87e-14)
     ‖A‖₂=1.317 -> 峰值 ‖A^k‖₂=358.416 (k=49), 放大 272.2x, 之后才衰减
     峰值处 ‖A^k‖₂/ρ^k = 62589.9: 谱半径把范数低估了 62590 倍
[阶段三-a'] 模相等反例: |lam1|=1.1359, |lam2|=1.1359
  4000 步后步长仍为 1.3219 (不趋于 0) -> 不收敛 (周期轨道)
  [L3] 自指网络宽度由有效 Schmidt 秩派生: N = 17 (手工取 64)
   g=0.4 (g*rho=0.37): 尾部步长=0.00e+00 Lyapunov=-1.0347 -> 不动点
   g=0.8 (g*rho=0.74): 尾部步长=0.00e+00 Lyapunov=-0.3412 -> 不动点
   g=0.9 (g*rho=0.83): 尾部步长=0.00e+00 Lyapunov=-0.2243 -> 不动点
   g=1.0 (g*rho=0.93): 尾部步长=1.72e-113 Lyapunov=-0.1215 -> 不动点
   g=1.1 (g*rho=1.02): 尾部步长=8.12e-01 Lyapunov=-0.0499 -> 极限环
   g=1.4 (g*rho=1.30): 尾部步长=2.97e+00 Lyapunov=-0.1138 -> 极限环
   g=2.0 (g*rho=1.85): 尾部步长=4.51e+00 Lyapunov=-0.0191 -> 极限环
[阶段三-b] 自指神经网络 N=17, 谱半径 rho(W)=0.9254
[阶段三-c] 权重-状态耦合自指 N=17, eta=0.05, g=1.0
  冻结权重 (对照): 末段|dx|=1.439e+00 (不收敛), 末段||x||=1.000e+00, sigma1/sigma2=1.143e+00
  自指·状态自由 (A): 末段|dx|=0.000e+00 (收敛), 末段||x||=0.000e+00, sigma1/sigma2=1.135e+00
  自指·状态归一 (B): 末段|dx|=2.231e-08 (收敛), 末段||x||=1.000e+00, sigma1/sigma2=3.271e+09
      B 的秩1化轨迹 step     0: sigma1/sigma2=          1.14
      B 的秩1化轨迹 step  2000: sigma1/sigma2=      96758.60
      B 的秩1化轨迹 step  4000: sigma1/sigma2=    2063848.28
      B 的秩1化轨迹 step  6000: sigma1/sigma2= 3271402530.98
      -> 冻结的对照本次末段|dx|=1.439e+00 (不收敛); 它是固定随机映射, 收敛与否取决于抽到的 W 的谱 —— W1 实测 16.0% 的组合会收敛。
         两个自指变体本次: A |dx|=0.000e+00, B |dx|=2.231e-08 (判据 < 1e-4)
         但'权重自发秩 1 化 (W* -> x* x*^T)'只在实测 sigma1/sigma2 > 1000 时才能说:
           变体 A (状态自由): sigma1/sigma2=1.135e+00 -> 未秩 1 化 (它收敛到 x*=0, 权重失去方向)
           变体 B (状态归一): sigma1/sigma2=3.271e+09 -> 秩 1 化
         诚实边界: 上述判定依赖 N —— W1 实测 A 秩1化的种子数: N<=32 为 0/5, N=48 为 1/5, N=64 为 5/5;
                   而 L<=16 能派生的 N 只有 11~17, 一律 0/5。 完整相图见 selfref_N_dependence()。
         状态消退与否: 归一后 ||x|| 保持在 1.000, 自由时衰减到 0.00e+00。
[阶段三-c·W1] 秩1化相图: 7 个 N x 5 种子 x 8000 步, 233.8s
    N     A 秩1化     B 秩1化      冻结收敛     A 的 p   (命中种子数 / 总数)
   11       0/5        5/5        0/5         --
   12       0/5        5/5        1/5         --
   15       0/5        5/5        1/5         --
   16       0/5        5/5        2/5         --
   17       0/5        5/5        0/5         --
   48       1/5        5/5        1/5     0.4791
   64       5/5        5/5        0/5     0.4891
  RANK_TOL 敏感性 (命中率 = 该 N 下 sigma>tol 的种子占比):
    N A>1e+01 A>1e+02 A>1e+03 A>1e+04 A>1e+05 A>1e+06   | B>1e+01 B>1e+02 B>1e+03 B>1e+04 B>1e+05 B>1e+06
   11    0.00    0.00    0.00    0.00    0.00    0.00   |    1.00    1.00    1.00    1.00    1.00    1.00
   12    0.00    0.00    0.00    0.00    0.00    0.00   |    1.00    1.00    1.00    1.00    1.00    1.00
   15    0.00    0.00    0.00    0.00    0.00    0.00   |    1.00    1.00    1.00    1.00    1.00    1.00
   16    0.00    0.00    0.00    0.00    0.00    0.00   |    1.00    1.00    1.00    1.00    1.00    1.00
   17    0.00    0.00    0.00    0.00    0.00    0.00   |    1.00    1.00    1.00    1.00    1.00    1.00
   48    0.20    0.20    0.20    0.20    0.20    0.00   |    1.00    1.00    1.00    1.00    1.00    0.80
   64    1.00    1.00    1.00    1.00    1.00    1.00   |    1.00    1.00    1.00    1.00    1.00    1.00
  -> A 全部种子秩1化的 N: [64]
     完全没有的 N:       [11, 12, 15, 16, 17]
     部分种子才有的 N:   [48]  <- 相变是**随机的**, 不是一条 N 阈值
  -> A 的 ||x|| ~ n^-p, p 中位 = 0.4876 (预测 1/2, 来自 ds/dn = -s^3/3 即 g=1 的边缘稳定)
     p>0 ⇒ 秩1方向是**有限步暂态**, 渐近仍归于 x*=0, 不是不动点。
  -> 冻结对照 (固定随机映射) 收敛到 <1e-4 的有 5/35 = 14.3% —— 收敛与否取决于抽到的 W 的谱, **不是恒定的**。

============================================================================
  阶段四 · 真实张量网络全息 (quimb MERA)
============================================================================
  [L4] 键维由面积律派生: chi = 4 (下界 exp(S) = 2.1171); 手工取 4
  MERA(L=8, chi=2): 14 个张量, 7 个解纠缠器 + 6 个等距 + 1 个顶层边界张量
  酉性 ||U^dag U - I|| = 7.77e-16 (张量性质保证, 非构造凑数)
  等距 ||W^dag W - I|| = 2.22e-16
  因果锥张量数 |cone(n)| (L=32, 共 62 张量):
     n=1..16 -> [19, 19, 21, 21, 25, 25, 27, 27, 33, 33, 35, 35, 39, 39, 41, 41]
     线性拟合 R^2=0.9771 vs 对数拟合 R^2=0.8380
     -> 体是体积律 (线性), 而 S(n) 只随 ln n 增长 (面积律)
  [主拟合] MERA(L=16, chi=4 派生): 5 条轨迹 x 1500 步, 精确对照 c=0.5072
       检查点按 **overlap** (训练目标本身) 选择, 不偷看 eps_c; 另有 chi=8 对照轨迹测『提 chi 有没有用』
      [chi=4 lr=0.03 seed=0] ov=0.998952 @step1500  c=0.522571  eps_c= 3.027%  R_conf=1.765e-03  (81s)
      [chi=4 lr=0.03 seed=1] ov=0.998539 @step1500  c=0.526784  eps_c= 3.858%  R_conf=1.764e-03  (151s)
      [chi=4 lr=0.03 seed=2] ov=0.998998 @step1500  c=0.523841  eps_c= 3.278%  R_conf=2.659e-03  (216s)
      [chi=4 lr=0.12 seed=0] ov=0.999665 @step1500  c=0.511240  eps_c= 0.793%  R_conf=1.097e-03  (287s)
      [chi=4 lr=0.12 seed=1] ov=0.999671 @step1500  c=0.511282  eps_c= 0.801%  R_conf=1.106e-03  (355s)
      [chi=8 对照 seed=0] ov=0.999399 @step1500  eps_c= 1.879%  (同种子同预算, 只改 chi)
      [chi=2 向下对照 seed=0] ov=0.967906 @step1500  eps_c=19.595%  (面积律下界 exp(S) 之上是 chi=4, 本点在**界下**)
      [参照] Schmidt 逐切割截断 (非严格界): chi=4 -> eps_c=5.928%, chi=8 -> eps_c=0.157%
  [代表态] 取 eps_c 位于中位数的那条轨迹 (index 0), 用于第二层的纠缠谱 KL
           重叠=0.998952, c=0.522571, eps_c=3.027%; 全部轨迹总用时 465s

============================================================================
  阶段五 · 离散时空几何 (Forman-Ricci / Ollivier-Ricci)
============================================================================
[阶段五] 曲率算子的解析锚点校验:
  环 C_6: +0.00000000 (解析 0, max|.|=0.0e+00)
  环 C_8: +0.00000000 (解析 0, max|.|=0.0e+00)
  环 C_12: +0.00000000 (解析 0, max|.|=0.0e+00)
  完全图 K_4: 0.66666667 (解析 0.66666667)
  完全图 K_6: 0.80000000 (解析 0.80000000)
  完全图 K_10: 0.88888889 (解析 0.88888889)
  超立方体 Q_3: alpha=0 -> +0.000000 (解析 0); alpha=1/(d+1) -> 0.500000 (解析 0.500000)
  超立方体 Q_4: alpha=0 -> +0.000000 (解析 0); alpha=1/(d+1) -> 0.400000 (解析 0.400000)
  超立方体 Q_5: alpha=0 -> +0.000000 (解析 0); alpha=1/(d+1) -> 0.333333 (解析 0.333333)
  Forman: P_6 内部边=+0.0 (解析 0), K_4 无三角=-2.0 (解析 -2), 3-正则图=-2.0000 (解析 -2), 环 C_n (n>=4) max|F|=0.0e+00 (解析 0)

  应用到涌现几何:
  MERA 体几何 (L=32 张量网络图): |V|=62 |E|=91 d_bar=2.935 三角=0 | Forman 均值=-2.242 (负边占比 0.99, 逐边严格式预期 -2.242) | Ollivier 均值=-0.3297 (负边占比 0.79)
  [L5] mera_bulk 是否依赖态: seed [0, 1, 7] 的边集完全相同 = True (|E|=91)
  [L5] mera_bulk 是否依赖键维: chi [2, 4, 8] 的边集完全相同 = True
       build_mera_graph 只读 ind_map, mera_fit* 只调 t.modify(data=...),
       从不改接线 -> 该读数是 (L, 二进制布局) 的函数, 与态、键维均无关。
       |V|=62 = 2L-2 = 62, 三角=0 -> 这是二进制布局的解析性质, 不是拟合出来的。
  [L5] 正则粗式 <F> = 4 - 2*d_bar = -1.8710 (差 0.3708)
       严格式 <F> = 4 - 2*<deg>_edge = -2.2418 vs 实测 -2.2418 (差 0.00e+00)
       -> 粗式的差全部来自度偏置 <deg>_edge - d_bar = 0.1854 (非正则图: 度大的点被更多边选中),
          不是曲率实现有错; 严格式到机器精度吻合。
  边界关联几何 (临界基态): |V|=16 |E|=27 d_bar=3.375 三角=11 | Forman 均值=-2.889 (负边占比 1.00, 逐边严格式预期 -2.889) | Ollivier 均值=+0.1914 (负边占比 0.11)
  对照 gnm #0: |V|=62 |E|=91 d_bar=2.935 三角=2 | Forman 均值=-3.187 (负边占比 0.93, 逐边严格式预期 -3.187) | Ollivier 均值=-0.4174 (负边占比 0.79)
  对照 gnm #1: |V|=62 |E|=91 d_bar=2.935 三角=2 | Forman 均值=-3.385 (负边占比 0.89, 逐边严格式预期 -3.385) | Ollivier 均值=-0.4484 (负边占比 0.74)
  对照 gnm #2: |V|=62 |E|=91 d_bar=2.935 三角=7 | Forman 均值=-4.088 (负边占比 0.97, 逐边严格式预期 -4.088) | Ollivier 均值=-0.4372 (负边占比 0.81)
  对照 ws #0: |V|=62 |E|=62 d_bar=2.000 三角=0 | Forman 均值=-0.258 (负边占比 0.31, 逐边严格式预期 -0.258) | Ollivier 均值=-0.1129 (负边占比 0.31)
  对照 ws #1: |V|=62 |E|=62 d_bar=2.000 三角=0 | Forman 均值=-0.194 (负边占比 0.26, 逐边严格式预期 -0.194) | Ollivier 均值=-0.0914 (负边占比 0.26)
  对照 ws #2: |V|=62 |E|=62 d_bar=2.000 三角=0 | Forman 均值=-0.129 (负边占比 0.19, 逐边严格式预期 -0.129) | Ollivier 均值=-0.0645 (负边占比 0.19)
  对照 tree #0: |V|=31 |E|=30 d_bar=1.935 三角=0 | Forman 均值=-0.867 (负边占比 0.47, 逐边严格式预期 -0.867) | Ollivier 均值=-0.2889 (负边占比 0.47)
  对照 tree #1: |V|=31 |E|=30 d_bar=1.935 三角=0 | Forman 均值=-0.867 (负边占比 0.47, 逐边严格式预期 -0.867) | Ollivier 均值=-0.2889 (负边占比 0.47)
  对照 tree #2: |V|=31 |E|=30 d_bar=1.935 三角=0 | Forman 均值=-0.867 (负边占比 0.47, 逐边严格式预期 -0.867) | Ollivier 均值=-0.2889 (负边占比 0.47)
  对照族: gnm/ws/tree 各 3 个实例 (MERA 图 |V|=62 |E|=91, d_bar=2.935; WS 取 k=2, 树高 4 -> 31 节点)

  阶段五几何的特征尺度: 边界关联长度 xi = 19.314 (环上有 16 个站点, 故 xi/L = 1.2071)
    诚实边界: xi > L 是临界系统的正常现象 (关联长度被尺寸截断);
    尺度不变量是比值 xi/L = 1.2071, 不是 xi 本身。
  [L6] 网格 N = 36 派生 (N_req=36, N_cap=55, 受限于 分辨要求 (N_req))
       手工取 N=40; 派生后 dt*Du/h^2 = 0.1037 <= 0.25 由构造成立 (不再是碰巧)
[阶段六] Gray-Scott 生命斑图 (平直周期网格):
  网格 h=0.0139, dt*Du/h^2=0.1037 (稳定上限 0.25) -> 数值稳定
  对比度=0.349, 活化面积占比=0.637, 斑图波长~0.1782 (域长 0.5)
  -> 涌现  (判据: 对比度>0.2 且 活化面积>5%)
  [L6] 跨阶段预言: 目标波长 = 0.1667 (= L_domain/3), 实测 = 0.1782, 比值 = 1.069
       诚实边界: 这个预言只在同一个域长下才有意义 —— 斑图波长由化学参数定, 不由几何定。
[阶段七] 二阶自指闭环:
  变体 A(状态自由): 熵比=1.000, 等权度=1.000 -> 照见空无 (约定值, 非测量)
     (A(状态自由) 塌缩到 x*=0, 无可读的 D*; 均匀分布是本处约定, 非测量)
  变体 B(状态归一): 熵比=1.000, 等权度=0.176 -> 照见结构
     (D* = B(状态归一) 的 W* 主方向 (sigma1/sigma2=3.3e+09))
  自指深度 rho(J*): A=1.0000 [恒等式, 非测量], B=0.9412
     A 支恒等的原因: x*=0 ⇒ J*=g·W*, 而 sigma_max(W*)≡1 是谱归一的定义, 故 rho≡g=1。

  ── v14·F5 一致性检查 (数值路径 <-> 解析路径) ──
      L2 基态能量: 5 个 (L,h) 点, max|eigsh - JW| = 2.31e-14
      L3 幂迭代残差: 5 个算例, max = 8.64e-14
      L5 Forman 环 C_n (n>=4): max|F| = 0.00e+00 (解析 0)
      L6 Gray-Scott: 拉普拉斯零和相对残差 max = 5.09e-17; 平衡恒等式 abs 误差 max = 2.66e-16 (首步 <u+v> 漂移 = -6.250e-05)
      L7 自指闭环: 熵比 = 1.000 <= 1, 等权度 = 1.000 <= 1 (塌缩支: 两条均为约定值, 无信息量)
      L7 自指深度 rho(J*): A = 1.0000 [恒等式, 非测量: 塌缩支 x*=0 ⇒ J*=g·W*, sigma_max(W*)≡1]
                           B = 0.9412 (B 每步归一 ||x||≡1, 有真不动点 W* = x* x*^T)

============================================================================
  闭环螺旋 spiral_loop() · 多圈自举
============================================================================
  尺度律: L_t = clip(round(1.0 * xi_(t-1)), 8, 16)
  收敛判据: 无量纲量 (c, xi/L) 的相对变化 < 2.0%
  注意: xi 的绝对值**不**参与收敛判据 —— 临界时它随 L 发散, 
        那是临界的定义, 不是失败。

  第 0 圈: L=8   [旋钮 L0=8 (第 0 圈无上一圈)]
     E0/L=-1.281458, c=0.5134, xi=13.318, xi/L=1.6648, gap=0.308892

  第 1 圈: L=12   [round(1.0*xi_0=13.318) = 13]
     E0/L=-1.276883, c=0.5093, xi=16.183, xi/L=1.3486, gap=0.343408
     相对上圈: |dc|/c=0.0080, |d(xi/L)|/(xi/L)=0.1899

  第 2 圈: L=16   [round(1.0*xi_1=16.183) = 16]
     E0/L=-1.275287, c=0.5072, xi=19.314, xi/L=1.2071, gap=0.366151
     相对上圈: |dc|/c=0.0041, |d(xi/L)|/(xi/L)=0.1049

  第 3 圈: L=16   [round(1.0*xi_2=19.314) = 19 -> clip 到 16]
     E0/L=-1.275287, c=0.5072, xi=19.314, xi/L=1.2071, gap=0.366151
     相对上圈: |dc|/c=0.0000, |d(xi/L)|/(xi/L)=0.0000
     -> 无量纲量已收敛 (第 3 圈)

  第 4 圈: L=16   [round(1.0*xi_3=19.314) = 19 -> clip 到 16]
     E0/L=-1.275287, c=0.5072, xi=19.314, xi/L=1.2071, gap=0.366151
     相对上圈: |dc|/c=0.0000, |d(xi/L)|/(xi/L)=0.0000

  第 5 圈: L=16   [round(1.0*xi_4=19.314) = 19 -> clip 到 16]
     E0/L=-1.275287, c=0.5072, xi=19.314, xi/L=1.2071, gap=0.366151
     相对上圈: |dc|/c=0.0000, |d(xi/L)|/(xi/L)=0.0000

  [交叉校验] 末圈 L=16 用 MERA (chi=4) 复核 c:
     MERA(L=16): c=0.6004, 重叠=0.9903 | 精确(同 L=16): c=0.5072
     差 |dc| = 0.0932 —— 同 L 比, 所以这是键维截断的量级, 不是流动

  闭环裁决 (三个量分开说, 不合并成一个'收敛'):
    [seed] 第 0 圈由旋钮 L0=8 给定, 不是尺度律的产物,
           故不参与收敛判定 (与末圈比一定'不稳定', 那是假信号)。
    c_t: 0.5134 -> 0.5072  (理论 0.5)  趋于 1/2
    xi_t/L_t (t>=1): 1.3486 -> 1.2071  尺度不变 (比值稳定)
    收敛比 r=p1/p0: 0.308892 -> 0.366151  (上升 = Schmidt 谱变密)
    相对谱隙 1-r:   0.691108 -> 0.633849  谱隙闭合 (趋向临界)
    xi 绝对值: 13.318 -> 19.314  (随 L 增长 —— 这是临界的定义, 不是失败)
    旋钮 max_L=16 已触顶: 尺度 L 的流动被上限截断。
    触顶原因分两条, 都不是『算力上限』(v15·W5 实测更正):
      * 每圈主结果走精确对角化, 它**没有** 16 这个上限 —— L=18 实测建 H 1.53s
        + eigsh 3.86s + 433MB, 基态仍与 Jordan-Wigner 吻合到 2.5e-14;
      * 卡住 16 的是末圈 MERA 交叉校验: quimb 的 MERA 要求 L 是 2 的幂。
    所以 16 是『既落在本机算力内、又是 2 的幂』的那个值。
    所以『闭环能否真自组织到临界』在本工作条件下无法回答 ——
    但这是因为**存在上限**这件事本身, 不是因为 16 这个数。
    去掉上限 L 会继续涨 —— 同样是临界性, 不是闭环缺陷。
    注意 (诚实边界): 谱隙闭合依赖 L 增长; L 被夹住之后
    1-r 会停在 L=16 的值上不再下降, 这不是模型停止趋向
    临界, 而是**闭环再也拿不到更大的 L**。

  结论: 无量纲不变量收敛 (尺度不变判据: xi/L 流的极差 < 15% 均值), 
        逐圈判据 (阈 2%): 第 3 圈起满足;
        而尺度本身发散。模型自我应用时复现 CFT 不动点;
        唯一'不收敛'的那一项恰好是临界性。

============================================================================
  因果链台账: 派生值 vs 手工值
============================================================================
  [L1] 空无的局部维度 d_local=2, 链长 L=16
        公式: dim_full = d_local ** L
        派生 = 65536   (手工 = 4)  != 手工值
        注: 手工值 4 是随手取的; 现由局部维度与链长派生
  [L1] 空无域态 (维数 65536) -> 阶段二链 L=16
        公式: assert void_state.size == 2 ** L
        派生 = '已接线'   (手工 = '未接线')  != 手工值
        注: v16·B1: L1 到 L2 的第一条真实连线。该断言只校验维数匹配, **不改变阶段二的任何物理读数**。上游是否真的"被用上", 由 derive_L1_void_to_chain 的重叠曲线回答 —— 维数相符本身不构成物理因果。
  [L2] 约化密度矩阵谱 p = s^2 (55 个非零值)
        公式: gap = p[1] / p[0]
        派生 = 0.366151   (手工 = 0.5)  != 手工值
        注: p0=0.704492, p1=0.257951; 临界态该值随 L 增大而 -> 1 (谱隙闭合)
  [L3] 有效 Schmidt 秩 (p_k > 1e-08)
        公式: N_selfref = #{k : p_k > tol}
        派生 = 17   (手工 = 64)  != 手工值
        注: 手工值 64 与态的实际复杂度无关
  [L4] 半链纠缠熵 S(L/2) = 0.7501
        公式: chi = 2**ceil(log_2(exp(S)))
        派生 = 4   (手工 = 4)  = 手工值
        注: 面积律下界 exp(S) = 2.1171 -> 取 2 的幂得 4 (必要非充分)
  [L5] 张量图 V=62, E=91 (平均度 d_bar=2.935, 逐边端点平均度=3.121)
        公式: <F> = 4 - 2*d_bar (正则图式) | <F> = 4 - 2*<deg>_edge (无三角严格式)
        派生 = -2.2418   (手工 = -2.2418)  = 手工值
        注: 实测 Forman 均值 = -2.2418; 严格式预期 = -2.2418; 正则粗式预期 = -1.8710。粗式差 0.3708 = 度偏置 2*(<deg>_edge-d_bar) = 0.3708 起, 不是实现错误。图含 0 个三角形 (接近树, 故三角项影响小)
  [L6] 域长 L_domain=0.5 (旋钮), xi/L=1.2071 (阶段五实测, 无量纲)
        公式: N = min(ceil(ppw*n_lambda), floor(L_domain/sqrt(4*dt*Du)))
        派生 = 36   (手工 = 40)  != 手工值
        注: N_req=36 (分辨), N_cap=55 (稳定), 受限于 分辨要求 (N_req); 派生后 h=0.013889, dt*Du/h^2=0.1037 <= 0.25 由构造成立

============================================================================
  v14·F2a 负对照 · h/J 扫描 (L=16, J=1.0)
============================================================================
  这是 v14 的生死检验: 若临界模拟是事实, h/J 偏离 1.0 后指标必须塌缩。
  ⚠ 判据已修正: 任务书原判据 (gap 在 h/J=1.0 取极小值) 物理上不成立 ——
     gap 对 h/J 单调递减, 曲线无内部极值。改用 c_fit 峰值 + S 峰位 + 区分力。
    h/J= 0.50: E0/L= -1.063545 S= 0.69899 gap= 0.99673 pol=  237.829 N_sr= 12 chi= 4 c_fit=0.0646 |c-0.5|/0.5=87.1%
    h/J= 0.80: E0/L= -1.167972 S= 0.74425 gap= 0.84905 pol=  215.804 N_sr= 16 chi= 4 c_fit=0.2755 |c-0.5|/0.5=44.9%
    h/J= 0.90: E0/L= -1.216805 S= 0.77564 gap= 0.63900 pol=  220.378 N_sr= 17 chi= 4 c_fit=0.4226 |c-0.5|/0.5=15.5%
    h/J= 0.95: E0/L= -1.244731 S= 0.77617 gap= 0.49994 pol=  231.440 N_sr= 17 chi= 4 c_fit=0.4849 |c-0.5|/0.5=3.0%
    h/J= 0.98: E0/L= -1.262745 S= 0.76413 gap= 0.41735 pol=  241.978 N_sr= 17 chi= 4 c_fit=0.5043 |c-0.5|/0.5=0.9%
    h/J= 1.00: E0/L= -1.275287 S= 0.75006 gap= 0.36615 pol=  250.673 N_sr= 17 chi= 4 c_fit=0.5072 |c-0.5|/0.5=1.4%
    h/J= 1.02: E0/L= -1.288247 S= 0.73148 gap= 0.31950 pol=  260.613 N_sr= 17 chi= 4 c_fit=0.5021 |c-0.5|/0.5=0.4%
    h/J= 1.05: E0/L= -1.308432 S= 0.69698 gap= 0.25936 pol=  277.544 N_sr= 17 chi= 4 c_fit=0.4816 |c-0.5|/0.5=3.7%
    h/J= 1.10: E0/L= -1.343863 S= 0.63072 gap= 0.18498 pol=  309.650 N_sr= 17 chi= 2 c_fit=0.4261 |c-0.5|/0.5=14.8%
    h/J= 1.20: E0/L= -1.419967 S= 0.50802 gap= 0.10473 pol=  379.724 N_sr= 16 chi= 2 c_fit=0.3074 |c-0.5|/0.5=38.5%
    h/J= 1.50: E0/L= -1.671942 S= 0.30741 gap= 0.03977 pol=  579.316 N_sr= 13 chi= 2 c_fit=0.1317 |c-0.5|/0.5=73.7%

  --- go/no-go 裁决 ---
    [主] argmax c_fit 在 h/J = 1.00  -> PASS (要求 = 1.0)
         实测 c_fit = 0.5072; 偏离处: h/J=0.50 -> 0.0646, h/J=1.50 -> 0.1317
    [次] argmax S(L/2) 在 h/J = 0.95  -> PASS (窗口 (0.9, 1.05))
         漂移 -0.05: 有限尺寸熵峰偏向 h/J<1, 已声明
    [区分力] 非临界点 |c-0.5|/0.5 > 20% -> PASS
         h/J=0.50: 87.1%
         h/J=0.80: 44.9%
         h/J=1.20: 38.5%
         h/J=1.50: 73.7%
    [诊断] gap 单调递减: 是 (0.9967 -> 0.0398) —— 不作判据, 见函数头说明

    >>> 总裁决: 临界性成立 (继续后续任务)
  负对照图已保存: D:\dev\product\python\spiral-emergence\v16/result\_v16_hj_scan.png

============================================================================
  任务 F1 · 跨边界条件中心荷交叉检验 (同族)
============================================================================
  边界条件: PBC vs θ=π Z2 twist (边界键 -J -> +J), H 保持实矩阵 = True
  L=16, chi=4, 每种边界 3 个种子 x 1500 步 (检查点按 overlap 选择, 不偷看 eps_c)
  精确态 E0/L: PBC=-1.275287  twist=-1.269146  (边界条件确实换了态)
  精确态 S(L/2): PBC=0.75006  twist=0.70039
  精确态拟合 c: PBC=0.50722  twist=0.50395   (rms 0.0007 / 0.0007)
      [  pbc seed=0] ov=0.998952 @step1500  c=0.522571  (rms=0.0012)
      [  pbc seed=1] ov=0.998539 @step1500  c=0.526784  (rms=0.0012)
      [  pbc seed=2] ov=0.998998 @step1500  c=0.523841  (rms=0.0018)
      [twist seed=0] ov=0.999387 @step1500  c=0.506237  (rms=0.0011)
      [twist seed=1] ov=0.999208 @step1500  c=0.506666  (rms=0.0017)
      [twist seed=2] ov=0.998740 @step1500  c=0.495464  (rms=0.0024)

  跨边界条件 (代表态 = eps_c 中位数轨迹):
     PBC   c = 0.52384  (种子间 std=0.00176)
     twist c = 0.50624  (种子间 std=0.00518)
     相对差 = 3.361%   (判据 < 5%)
  两个偏差并列报告 (审计 F1② 要求, 5% 标准不放宽):
     对 c_exact(L) = 0.50722 / 0.50395: PBC 3.278%, twist 0.453%
     对真值 0.5                    : PBC 4.768%, twist 1.247%
  [独立族尝试] Rényi 指数扫描: 均值 c=0.53986, std=0.02252, 对 0.5 偏差=7.97%
     -> 未通过验证: 不作独立族估计量 (如实记录为负面结果)
  诚实边界: 本项换的是**边界条件**与**态**, 不是估计量; ansatz 仍是
            同一个 Calabrese-Cardy log 式, 因此属**同族**交叉检验。
            本工作**未建立**真正的独立族中心荷估计量 (见上条负面结果)。

============================================================================
  任务 A · 中心荷 c 验证 (quimb MERA 变分 + 精确对照)
============================================================================
  [精确对照] L=8: E0/L=-1.281458, 拟合 c=0.5134 (rms=0.0004)
  [精确对照] L=16: E0/L=-1.275287, 拟合 c=0.5072 (rms=0.0007)

  [MERA] L=8, chi=2: 张量数=14, 酉性误差=4.44e-16, 等距误差=4.44e-16
     step    0 |<gs|psi>|=0.01979  (0s)
     step  200 |<gs|psi>|=0.97924  (2s)
     step  400 |<gs|psi>|=0.99231  (4s)
     step  599 |<gs|psi>|=0.99273  (6s)
     -> 重叠=0.99273, E/L=-1.27127 (精确-1.28146), 拟合 c=0.6071 (rms=0.0152)

  [MERA] L=8, chi=4: 张量数=14, 酉性误差=8.88e-16, 等距误差=4.66e-16
     step    0 |<gs|psi>|=0.01052  (0s)
     step  200 |<gs|psi>|=0.99797  (2s)
     step  400 |<gs|psi>|=0.99897  (5s)
     step  599 |<gs|psi>|=0.99909  (6s)
     -> 重叠=0.99909, E/L=-1.27923 (精确-1.28146), 拟合 c=0.5359 (rms=0.0026)

  [MERA] L=16, chi=2: 张量数=30, 酉性误差=5.55e-16, 等距误差=5.55e-16
     step    0 |<gs|psi>|=0.00147  (0s)
     step  200 |<gs|psi>|=0.95192  (5s)
     step  400 |<gs|psi>|=0.94806  (9s)
     step  599 |<gs|psi>|=0.96174  (14s)
     -> 重叠=0.96175, E/L=-1.25372 (精确-1.27529), 拟合 c=0.6037 (rms=0.0403)

  [MERA] L=16, chi=4: 张量数=30, 酉性误差=7.77e-16, 等距误差=6.66e-16
     step    0 |<gs|psi>|=0.00461  (0s)
     step  200 |<gs|psi>|=0.98741  (8s)
     step  400 |<gs|psi>|=0.98760  (17s)
     step  599 |<gs|psi>|=0.98816  (25s)
     -> 重叠=0.98829, E/L=-1.26686 (精确-1.27529), 拟合 c=0.5653 (rms=0.0070)

  [对照实验] 若改用'最小化能量'作变分目标 (L=8, chi=4):
     能量目标: E/L=-1.26809 (精确-1.28146), 重叠=0.76206, 拟合 c=0.0707
     -> 能量看似接近, 但重叠低、c 完全错误: 塌缩到平均场局部极小
        (最优乘积态 E/L = -1.25, 与精确值只差 2.5%, 却有 S(n)~0)

[v15·W3b] 谱学中心荷 (能谱族, 独立于纠缠谱)
  e_inf = -1.2732445447 (解析 -4/pi = -1.2732395447, 偏差 5.0e-06)
    L           E0       E1-E0       E2-E0    ratio      解析比   v_meas   c_spec     偏差%
    8   -10.251662    0.196983    1.560723   7.9231   7.9231   2.0065  0.50034   0.068
   10   -12.784906    0.157403    1.251476   7.9508   7.9508   2.0041  0.49994   0.013
   12   -15.322595    0.131087    1.044210   7.9658   7.9658   2.0029  0.49960   0.080
   14   -17.862809    0.112318    0.895716   7.9748   7.9748   2.0021  0.49928   0.145
   16   -20.404594    0.098254    0.784137   7.9807   7.9807   2.0016  0.49894   0.212
  判读: E1 逐点等于 R 扇区真空 (Delta1=1/8)? 是; E2 逐点等于 NS 双粒子 (Delta2=1)? 是
  比值 (E2-E0)/(E1-E0): 7.9231 (L=8) -> 7.9807 (L=16), 单调趋 8; v 无关, 故这是算符内容的独立指纹。
  c = 12*Delta1*(e_inf*L-E0)/(E1-E0): L=8..16 读数落在 [0.49894, 0.50034], 对 0.5 最大偏差 0.212%
    **不随 L 单调收敛**: 两端分别是 0.50034 (L=8) 与 0.49894 (L=16), L=16 反而是最差点。残差是 O(1/L) 有限尺寸修正,
    所以这条只能说'读数与 0.5 相容到 0.21%', **不能**说'外推到 0.5'。对照纠缠谱族的 Rényi 扫描: 偏差 7.97%。
  诚实边界: 本条以算符内容 Delta1=1/8 为前提, 不是无假设的 c 测量; 换的是数据与函数形式, 不是'不需要先验'。


[v15·W3a] 面积律 vs 对数律 (L=8..16)
  部分 A · S(l) 的形状 (L=16), 对数律 vs 常数:
    h/J=0.50: c_logshape=0.0646 RMSE 对数=0.00587 常数=0.01291 dAIC(常数-对数)= +10.613 -> log 胜
    h/J=1.00: c_logshape=0.5072 RMSE 对数=0.00068 常数=0.09032 dAIC(常数-对数)= +76.141 -> log 胜
    h/J=1.50: c_logshape=0.1317 RMSE 对数=0.00785 常数=0.02472 dAIC(常数-对数)= +16.348 -> log 胜
    **结论: 对数律在每一个 h/J 上都赢 -> S(l) 形状在 L<=16 下无区分力**
  部分 B · S(L/2) 随 L 的标度 S=(c/3)lnL+b:
      h/J  c_scaling       R2   S(L/2) 逐 L
     0.50     0.0007   0.4603   0.6988 0.6990 0.6990 0.6990 0.6990
     0.70     0.0407   0.8268   0.7095 0.7162 0.7185 0.7191 0.7192
     0.85     0.2628   0.9758   0.7006 0.7271 0.7439 0.7545 0.7611
     1.00     0.4976   1.0000   0.6351 0.6720 0.7023 0.7279 0.7501
     1.15     0.1844   0.9793   0.5231 0.5412 0.5530 0.5606 0.5655
     1.30     0.0125   0.5098   0.4157 0.4190 0.4197 0.4193 0.4188
     1.50    -0.0187   0.9758   0.3117 0.3099 0.3086 0.3078 0.3074
     2.00    -0.0050   0.8101   0.1789 0.1780 0.1778 0.1777 0.1777
  裁决: 临界点对数律 (|c-0.5|<0.05 且 R2>0.99) -> PASS (c=0.4976, R2=1.0000)
        非临界点面积律 (|c_scaling|<0.05) -> PASS ({0.5: 0.0007074798042744997, 1.5: -0.018693806786979718})
        |c_scaling| 峰位在 h/J=1.00 -> PASS
  诚实边界: 杠杆臂仅 L: 8->16 (ln 上 2 倍), 故这是**定性区分**(平 vs 对数), 不是定量外推;
            c_scaling=0.4976 只当弱杠杆臂下的交叉检验, 不当第三把精确尺子 (独立第二族见 W3b)。


============================================================================
  v15·W5 有限尺寸标度 · L 作自变量, 逐 L 单独测 spiral_loop 那套读数
============================================================================
  用途: 回答『L<=16 那条天花板限制了谁』—— 不是提高拟合质量。
  读数与 spiral_loop 逐字同源 (同估计量, 同偶数处理), 故同 L 必须同数。
    L=  8: E0/L= -1.281458  c=0.513406  xi= 13.318  xi/L=1.6648  gap=0.308892  S(L/2)=0.6351  |E0-E_jw|=5.3e-15  MERA=可用  (0.04s)
    L= 10: E0/L= -1.278491  c=0.510964  xi= 14.689  xi/L=1.4689  gap=0.328251  S(L/2)=0.6720  |E0-E_jw|=3.6e-15  MERA=不可用(非2的幂)  (0.06s)
    L= 12: E0/L= -1.276883  c=0.509314  xi= 16.183  xi/L=1.3486  gap=0.343408  S(L/2)=0.7023  |E0-E_jw|=2.0e-14  MERA=不可用(非2的幂)  (0.14s)
    L= 14: E0/L= -1.275915  c=0.508121  xi= 17.734  xi/L=1.2667  gap=0.355770  S(L/2)=0.7279  |E0-E_jw|=7.1e-15  MERA=不可用(非2的幂)  (0.29s)
    L= 16: E0/L= -1.275287  c=0.507217  xi= 19.314  xi/L=1.2071  gap=0.366151  S(L/2)=0.7501  |E0-E_jw|=2.8e-14  MERA=可用  (0.96s)
    L= 18: E0/L= -1.274857  c=0.506507  xi= 20.909  xi/L=1.1616  gap=0.375064  S(L/2)=0.7696  |E0-E_jw|=1.4e-14  MERA=不可用(非2的幂)  (5.80s)

  三条读数分开说:
    c(L):      0.513406 -> 0.510964 -> 0.509314 -> 0.508121 -> 0.507217 -> 0.506507
               单调下降趋向 1/2 = True; 末两点(L=16->18)差 0.000710, 而末点离 1/2 还差 0.006507 —— 末两点差是离极限距离的 1/9.2
    E0/L:      -1.281458 -> -1.278491 -> -1.276883 -> -1.275915 -> -1.275287 -> -1.274857
               单调上升趋向 -4/pi=-1.273240 = True; 末点偏离 1.62e-03
    JW 核对:   逐 L 最大偏差 2.8e-14 (全部通过) —— 这是对 H 构造本身的独立检验
    MERA 可用集: [8, 16] —— 只在这里能碰 MERA

  【W5 的结论, 说准】
    (i)  对 c / E0/L / xi / gap 这几个读数, **扩到 18 也没撞墙**: L=16->18 时 c 只动
         0.000710, 小于 L=8->10 的 0.002441 (步长比 3.4x), 也小于离 1/2 尚余的 0.006507 (9.2x)。
         漂移在收, 不在散。但两个数都从 rows 现取, 且本函数**不做外推** ——
         只跑了少数几个 L 时, 这个趋势不构成『已到极限』的证据。
    (ii) max_L=16 那类约束来自 **MERA 那条腿要求 L 为 2 的幂** (quimb),
         不来自稀疏对角化的算力 —— 后者在 2^18=262144 维上, 本函数整行读数 (建 H + eigsh + SVD + 关联图 + JW 核对)
         合计 5.80s。MERA 可用集实测 [8, 16], 不可用 [10, 12, 14, 18]。
    (iii) 所以 max_L 限制的是**闭环能走多远**(要 MERA 交叉校验),
          不是**这几个读数能测多准**。审计表 P2 那条要把方向反过来读:
          xi/L 早就在收敛, 发散的是 L 本身 (尺度律 L_t=round(xi))。
    (iv) 杠杆臂要分两把尺子说: L 的比值 8->18 = 2.25x, 但拟合的自变量是 ln L ——
          在全 log2 轴上只跨了 1.17 个 octave (8->16 是 1.00 个, 8->18 是 1.17 个)。
          **不足以改善标度拟合**, 价值全在 (i)(ii)。

============================================================================
  量化指标层 (体检报告)
============================================================================
  第一层: 1.1/1.2 用多种子分布; 1.5 全程稳健性 (最坏轨迹)
  第三层: 3D CDM 场对场 -> 2D 反应-扩散 结构对结构 (方法学展示)
  预算: 1500 步 x 5 条轨迹 (lr=0.03 / 0.12, chi=4)
  原则: 目标阈值 eps_c < 5%, R_conf < 1e-2, **未放宽**。

  ── 守卫登记 (可证伪, 汇成第一层最后一项的通过率) ──

  ── 第一层 · 内部自洽性 ──
      中心荷误差 0.0303 [0.0079, 0.0386] | 共形不变性 1.764e-03 [1.097e-03, 2.659e-03] (精确态地板 1.020e-03)
      谱隙闭合残差 1.35e-03 (a=0.9241) | MERA 一致性 err=7.77e-16, R²_lin=0.9771
      全程稳健性 max eps_c=3.858%, max R_conf=2.659e-03 (5 条轨迹)

  ── 第二层 · 微观物理对标 (与解析解硬连接) ──
      因果链 RMSE 7.612e-03 | 纠缠谱 KL 1.444e-03 (JS 1.160e-04) | 关联指数 2Δ=0.2426 (精确 0.25, 朴素幂律 0.2049) | Jordan 峰值 k=49 vs 47.46

  ── v14·F2a 负对照 (h/J 扫描) ──
      c_fit 峰位 h/J=1.00 (c=0.5072) | S 峰位 h/J=0.95 | 区分力 PASS
      裁决: 临界性成立

  ── v14·F1 跨边界条件中心荷 (同族) ──
      PBC c=0.52384 | θ=π twist c=0.50624 | 相对差 3.361% PASS
      [独立族] Rényi 扫描 std=0.02252 -> 验证失败, 未建立独立族估计量

  ── v14·F5 一致性检查 (数值路径 <-> 解析路径) ──
      L2 JW 闭合式  max|eigsh-JW| = 2.31e-14 | L3 幂迭代残差 max = 8.64e-14 | L5 环 Forman max|F| = 0.00e+00
      L6 Laplacian 零和 = 5.09e-17, 平衡恒等式 = 2.66e-16 | L7 熵比 1.0000, 等权度 1.0000 (塌缩支, 约定值)
      [W10+B1] F6d 诊断: mera_bulk 依赖态 = False (seed [0, 1, 7] 边集相同 = True), 依赖键维 = False (chi [2, 4, 8] 边集相同 = True) -> 该读数是线路布局的函数

  ── v14·F6 涌现几何的对照鲁棒性 ──
      MERA: Forman -2.242 (三角 0, d_bar 2.94) | Ollivier -0.3297
      对照 (n=9): Forman [-4.088, -0.129] | Ollivier [-0.4484, -0.0645]
      百分位: Forman 33%, Ollivier 33% -> 非统计异常
      升级主张 (比全部对照更负) = False

  ── v15·W1 自指变体秩1化的 N 依赖 ──
      A 秩1化命中率: N=11:0%, N=12:0%, N=15:0%, N=16:0%, N=17:0%, N=48:20%, N=64:100%
      可达区间 (L<=16 派生的 N=[11, 12, 15, 16, 17]): 命中率 全 0 -> A 从不秩1化, 阶段七走空无支
      A 的 ||x|| ~ n^-p: p 中位 = 0.4876 (预测 1/2) -> 秩1方向是有限步暂态
      冻结对照收敛比例 = 14.3% (v14 印的是'永不收敛')

  ── v15·W3b 谱学中心荷 (独立族) ──
      E1=sigma(1/8), E2=epsilon(1): 逐点相符
      (E2-E0)/(E1-E0): 7.9231 -> 7.9807 (v 无关, 趋 8)
      c 读数 [0.49894, 0.50034], 最大偏差 0.212% (Rényi 族 7.97%)
      **不随 L 单调收敛** (L=16 最差) -> 说'相容到 0.21%', 不说'外推到 0.5'

  ── v15·W3a 面积律 vs 对数律 ──
      S(l) 形状检验: 对数律在全部 [0.5, 1.0, 1.5] 上都赢 -> **无区分力, P0 不可兑现**
      S(L/2) 对 L 的标度: c_scaling 峰在 h/J=1.00 (临界点 0.4976, R2=1.0000)
      非临界点 c_scaling = {0.5: 0.0007, 1.5: -0.0187} -> 面积律
      边界: 杠杆臂仅 L:8->16 (L 比值 2 倍, 但拟合自变量是 ln L, log2 上只 1.00 个 octave), 只作定性区分; 且与 l-拟合不独立 (独立第二族见 W3b)

  ── v15·W5 有限尺寸标度 ──
      L = [8, 10, 12, 14, 16, 18] (逐 L 单独求基态, 不经过尺度律)
      c(L)   : 0.513406 -> 0.510964 -> 0.509314 -> 0.508121 -> 0.507217 -> 0.506507  (单调趋 1/2 = True)
      E0/L   : -1.281458 -> -1.278491 -> -1.276883 -> -1.275915 -> -1.275287 -> -1.274857  (单调趋 -4/pi = True)
      与 spiral_loop 同 L 对照: L=[8, 12, 16], dc_max=3.33e-15, dxi_max=3.41e-13 -> 同数
      逐 L JW 核对: 最大偏差 2.8e-14
      MERA 可用集 [8, 16] (其余 L 无 MERA 读数)
      **结论**: 16 不是这几个读数的墙 —— 卡在 16 的是末圈 MERA 要求 L 为 2 的幂;
                审计表 P2 那条方向要反过来读 (xi/L 在收敛, L 在发散)

============================================================================
  第三层 · 结构对结构 (2D 反应-扩散 / 斑图)
============================================================================
  缓存: 归档侧 D:\dev\product\python\spiral-emergence\v16\data\_v13_cache, 自建侧 D:\dev\product\python\spiral-emergence\v16\data\_v14_cache
  **方法论说明**: 对标对象已从 3D CDM 换成 2D 反应-扩散/斑图系统,
     对标方式从『场对场』换成『结构对结构』—— 比的是无量纲描述子,
     不是场值。本层是方法学展示, 不构成任何『复现了实验』的论断。

----------------------------------------------------------------------------
  A 段 · 同方程同相区: 阶段六 Gray-Scott (36^2) <-> 自建 Gray-Scott (100^2)
----------------------------------------------------------------------------
  【v14·F3 目标重述】**本段不再声称测量『盒子大小的影响』**。
  原目标是『同方程不同盒子』, 但实测两个混杂因子使 D_struct 无法
  单独归因给盒子: (1) 双方 f/k 落在 Pearson 相图的不同相区。原列的第 (2) 条
  『盒子内波长数不同』**已被 v14 撤回** —— 旧值来自坏参考场的谱角点伪像,
  见下方【混杂因子】小节。v14 把目标收缩到本段真正能支撑的那一句话 ——
  **『这套无量纲描述子能不能把模型侧与参考侧的斑图家族区分开』**, 并以
  参考侧自身的种子间散布为噪声底。盒子大小仍是已知混杂因子, 按任务书
  §5c 退出本段, 不再作为可测结论。
  **参考侧换了来源 (v14·F3)**: 不再直接搬归档的 bool 场, 改用
  spiral_v14_prepare.py 自建的种子 (同一条 v>中位数 二值化规则, 与模型侧
  一致)。理由见本段末尾的诊断项 —— 归档 bool 场与归档浮点场对不上。
  **为什么两侧用同一条二值化规则是必须的**: 描述子 phi (占空比) 直接
  参与距离; 若一侧按中位数二值化 (phi 恒等于 0.5) 而另一侧用别的阈值,
  测到的距离里就混进了『阈值选择』这个与物理无关的自由度。
  模型侧: 盒子 36^2 (物理域长 0.500), 占空比 0.5000, 特征波长 8.8326 格
  参考侧: 12 个自建种子 [0, 1, 2, 3, 4, 5, 6, 7, 8, 9, 10, 11] (v>每帧中位数, 与模型侧同规则)
            seed  0: 盒子 100^2, 占空比 0.5000, 特征波长 24.5351 格
            seed  1: 盒子 100^2, 占空比 0.5000, 特征波长 14.1677 格
            seed  2: 盒子 100^2, 占空比 0.5000, 特征波长 24.5351 格
            … 其余 9 个同规则, 逐项值见下

  描述子 (模型 vs 参考中位数):
         phi: 模型      0.5000   参考      0.5000   逐项距离 0.0000
      v1_lam: 模型      2.3990   参考      2.4915   逐项距离 0.0267
     v2_lam2: 模型      0.0602   参考      0.0152   逐项距离 0.7250
      kpk_k1: 模型      4.0758   参考      3.5549   逐项距离 0.0963
         w50: 模型      0.0073   参考      0.0019   逐项距离 0.7229
      xi_lam: 模型      0.3596   参考      0.4176   逐项距离 0.1052
  合成描述子距离 D_struct = 0.4221
  参考侧种子间散布 (噪声底) = 0.5649  (66 个种子对)
  归一化谱形残差 R_P = 1.7468

  【已发布基线 (参考侧 = 归档 bool 场直接搬)】
    D_struct = 0.9331   种子散布 = 0.4544 (3 对)   比值 = 2.053
    复核 spiral_metric_v16.V13_A_BASELINE: 0.9331/0.4544/2.053 -> 一致

  【口径变化的量化】:
    D_struct     0.9331 ->   0.4221   变化    54.8%  **超过 20%**
    scatter      0.4544 ->   0.5649   变化    24.3%  **超过 20%**
    ratio        2.0534 ->   0.7473   变化    63.6%  **超过 20%**
    逐项距离 (模型 vs 参考中位数):
           phi:  0.3964 ->  0.0000
        v1_lam:  0.8804 ->  0.0267
       v2_lam2:  1.3373 ->  0.7250
        kpk_k1:  0.9392 ->  0.0963
           w50:  0.8649 ->  0.7229
        xi_lam:  0.9345 ->  0.1052

  【混杂因子】参数相区: 模型 F=0.035, k=0.06  vs  参考 f=0.01, k=0.042  (仍然成立)
              盒子内波长数: 模型 4.08  vs  参考 3.48  (v14 撤回『差一个量级』: 旧值来自坏参考场)
  D_struct / 种子散布 = 0.75  (<1 不可区分, ~1-2 弱可区分, >3 可区分)

  【v15·W2 同单位受控】参考侧 = 与模型侧逐字同参数的受控重算
      L=0.5, Du=2e-05, Dv=1e-05, F=0.035, k=0.06, T_phys=40000.0
      二值化 = v > median(v) 逐场; 积分器 = 显式欧拉 + 5 点 np.roll 拉普拉斯 (周期)
      分辨率 N ∈ [36, 72, 144] (模型侧本轮实际派生 N = 36), 种子 [0, 1, 2]
      **两侧是同一物理** -> 本节检验分辨率收敛与混杂量化, **不是**与外部数据对标。

      模型侧 vs 受控参考 (逐种子):
        N= 36: 逐种子 [0.0, 0.4677, 0.2061]  非同一初值均值 0.3369 | 同 N 种子散布 0.3900 | 比值 0.86
        N= 72: 逐种子 [0.6484, 0.3873, 0.2236]  非同一初值均值 0.3055 | 同 N 种子散布 0.4862 | 比值 0.63
        N=144: 逐种子 [0.692, 0.3816, 0.3587]  非同一初值均值 0.3701 | 同 N 种子散布 0.4450 | 比值 0.83

      跨 N 距离 (同一物理, 只变分辨率; 各 N 的中位数之间, 排除 seed 0):
        N= 36 vs N= 72: D = 0.2906
        N= 36 vs N=144: D = 0.3655
        N= 72 vs N=144: D = 0.2868

      w50 的分辨率依赖 (中位数, 排除 seed 0; 及与模型侧之比):
        N= 36: 0.00659   模型/参考 = 1.112
        N= 72: 0.00207   模型/参考 = 3.550
        N=144: 0.00067   模型/参考 = 11.009

      -> 受控后模型侧落在自身初值散布内; 旧口径 0.9331 的大部分距离来自混杂, 不是物理差异。

  【A 段诊断 · 两侧场与 lam_pk 的可信度】
    模型侧 盒子 36  占空比 0.5000  自相关长度 4.0 格
    参考侧 12 个种子: 占空比全是 0.5000 (中位数二值化的恒等式), 自相关长度 11~50 格
    lam_pk (二值场的 Δ² 峰) vs 未二值化 v 场的 Δ² 峰: 中位偏差 12.8%  (最大 230.6%)  <- 同估计量换输入, 弱一致
    lam_pk vs 与谱峰无关的自相关尺度 4*xi_ac: 中位偏差 46.6%  (最大 98.0%)  <- **不一致 (系统性偏大), lam_pk 缺独立佐证**
    二维谱角点波长 = 1.414 格; 本段 lam_pk 中位数 = 28.7475 格 -> 不在角点上
    对照归档 bool 场: lam_pk 中位数 = 1.4514 格 -> **落在角点上 (伪像)**
    归档溯源: seed 0: float_u mean=0.6995 std=0.2930, bool 占空比=0.6378, 一致率 u>med=0.5688 v>med=0.4066 / seed 5: float_u mean=0.6993 std=0.2935, bool 占空比=0.9181, 一致率 u>med=0.5025 v>med=0.4919 / seed 10: float_u mean=0.6992 std=0.2950, bool 占空比=0.9125, 一致率 u>med=0.5041 v>med=0.4869
    少数相连通块: 模型 3 块 (平均 216.0 格); 参考侧 1~7 块, 平均 1608.1 格; 孤立单格占比 最大 0.0%
    -> 缺口记录完毕; A1 的旧数字保留为已发布基线, 不作修改。
    -> F3(b) 缺口已如实登记: lam_pk 量化 (6 个不同值 / 12 个种子), 且缺独立佐证 (vs 自相关中位偏差 47%); 未改 _char_scale。
    -> W9: Turing 路已排除 (判别式 模型 -3.85e-05 / 参考 -8.16e-06, 两侧都无非平凡齐次定态); lam_pk 仍无独立佐证 —— 缺口原因已登记。

----------------------------------------------------------------------------
  B 段 · 时序: Southampton BZ 波峰 / Reading 自振荡水凝胶
----------------------------------------------------------------------------
  **为什么不做斑图形态对比**
    第一版运行把 Southampton 的 .tif 时空图当二维斑图算描述子, 结果
    figS1C 的『特征尺度』= 14883.95 格 —— 逼近整条时间轴的宽度。
    诊断 (_v13_diag_tier3.py) 查明原因: 那些 .tif 是**图版渲染图**,
    可分离背景 (行均值 x 列均值) 占了方差的 68%~98.8%; 去掉背景后
    三张图的谱峰全部落在频带边缘 (即整条时间轴), 不存在干净的波列。
    也就是说: 在那些图上算出的形态描述子度量的是图版布局, 不是斑图。
    故弃用该路径, B 段只保留**与轴语义无关**的一维时序量。
  **为什么不做『逐帧波峰位置内部性约束』**:
    波峰标记是**原始作者给出的数值列** (缓存键 peaks_*), 不是本工作
    从图像里提取的 —— 所以『重新跑一次波峰提取、再要求峰位离边界 5%』
    这一步在代码路径上不存在。对作者给出的标记做位置过滤, 只会丢掉
    真实存在的边界峰。该约束要防的『提取算法把边界伪影当峰』在这里
    没有对应的实现可防。
  Southampton   fig3 波峰: 289 个, 间隔中位数 90.0 px = 15.0 s, 间隔 CV = 0.270
           独立检验 (强度序列自相关): ac(T/2)=0.353, ac(T)=0.870, ac(1.5T)=0.409, ac(2T)=0.699 -> 比值 2.46, 独立确认 (滞后 T 处是严格自相关极大)
  Southampton figS1B 波峰: 552 个, 间隔中位数 147.0 px = 24.5 s, 间隔 CV = 0.417
           独立检验 (强度序列自相关): ac(T/2)=0.771, ac(T)=0.799, ac(1.5T)=0.800, ac(2T)=0.765 -> 比值 1.04, 弱确认 (极大在 1.5T, 但 ac(T) 与它相差 <5%)
  Southampton figS1C 波峰: 403 个, 间隔中位数 201.5 px = 33.6 s, 间隔 CV = 0.899
           独立检验 (强度序列自相关): ac(T/2)=0.906, ac(T)=0.854, ac(1.5T)=0.797, ac(2T)=0.752 -> 比值 0.94, 未确认 (极大在 T/2, 不在 T)
  Reading      timelapse20220113_Reference: 谱为红噪声, 无带内峰 (边缘极大不是峰)  漂移占比 9.9%, 带内最大在 k=8 (周期 270.1 帧 = 12% 全长), 突出度 4606
            裁剪敏感性: 头部暗帧 16 帧, 前后窗口漂移比 68.87 (前段斜率 +1.814e-01 / 后段 -2.635e-03); trim=0: 漂移 9.9%, 未检出 | trim=16: 漂移 28.7%, 未检出 | trim=32: 漂移 89.6%, 未检出
            自相关交叉检验 (候选滞后 270 帧, 2145 点): ac(T)=+0.168, ac(T/2)=+0.401, 比=+0.42 -> 未确认 (极大在 T/2, 不在 T)
  Reading           timelapse20220118_2min: 谱为红噪声, 无带内峰 (边缘极大不是峰)  漂移占比 15.3%, 带内最大在 k=8 (周期 270.1 帧 = 12% 全长), 突出度 3977
            裁剪敏感性: 头部暗帧 22 帧, 前后窗口漂移比 19.07 (前段斜率 +1.665e-01 / 后段 -8.728e-03); trim=0: 漂移 15.3%, 未检出 | trim=22: 漂移 72.7%, 未检出 | trim=38: 漂移 72.8%, 未检出
            自相关交叉检验 (候选滞后 270 帧, 2139 点): ac(T)=+0.104, ac(T/2)=+0.520, 比=+0.20 -> 未确认 (极大在 T/2, 不在 T)
  Reading          timelapse20220119_20min: 谱为红噪声, 无带内峰 (边缘极大不是峰)  漂移占比 16.1%, 带内最大在 k=8 (周期 270.1 帧 = 12% 全长), 突出度 1111
            裁剪敏感性: 头部暗帧 28 帧, 前后窗口漂移比 51.24 (前段斜率 +2.010e-01 / 后段 -3.922e-03); trim=0: 漂移 16.1%, 未检出 | trim=28: 漂移 87.9%, 未检出 | trim=44: 漂移 87.4%, 未检出
            自相关交叉检验 (候选滞后 270 帧, 2133 点): ac(T)=+0.355, ac(T/2)=+0.734, 比=+0.48 -> 未确认 (极大在 T/2, 不在 T)

----------------------------------------------------------------------------
  C 段 · 判别力: 这套描述子到底分不分得开两种斑图族?
----------------------------------------------------------------------------
  跨族距离 (模型 vs 参考) = 0.4221
  族内散布 (参考种子间)   = 0.5649
  判别力 d' = 0.75   (>3 可区分; 1~2 弱可区分; <1 不可区分)

  【第三层总诚实边界 · 必读】
    1. 本层已从『宇宙学对标』降级为『方法学展示』: 对标对象是 2D 反应-
       扩散/斑图系统, 方式是结构对结构。不构成任何『复现了观测』的论断。
    2. **第三层不设物理达标线**。混杂因子 (相区参数不同 / 时空图轴语义
       不同) 使任何数字都无法单独归因给物理, 在该区间做达标裁决没有
       信息量。判定项改为流程守卫 T3-1~5。原列的『盒子内波长数差一个
       量级』**已被 v14 撤回** (旧值来自坏参考场的谱角点伪像), v15·W2 的
       同单位受控侧更是逐字同参数, 故它不再列为混杂因子。
    3. Southampton 的 .tif **图版**已被弃用 (可分离背景占方差 68~98.8%,
       在其上算描述子等于量图版布局); 只保留波峰标记这条数值列。
    4. Reading 三条序列**全部未检出周期**, 这是结论而非缺失 —— 全局
       平均亮度在有螺旋波的凝胶上会抵消掉反相振荡, 只剩漂移。
    5. 模型侧是**确定性**的锁模格子, 没有模型集成; A 段的误差棒来自
       **参考侧**的 3 个种子, 不是模型侧。

  ── v15·W6 负对照台账 (逐层) ──
      层   阶段                      对照数    类型                        守卫
      L1  空无基底等权叠加蕴潜能             1      推离                        1
      L2  量子涨落扰动对称性破缺             3      推离,二路径,二路径                9
      L3  自指的动力学涌现                3      推离,二路径,推离                 5
      L4  自指画定边界投影出全息             1      推离                        1
      L5  全息自然展开生成了时空             2      零模型,二路径                   4
      L6  时空提供梯度孕育显生命             2      二路径,推离                    4
      L7  生命涌现意识自照见空无             1      上界                        1
      覆盖 7/7 层; 缺口 []
      台账完整性: 幻影引用 无, 缺失层 无
      判据: 只有能**在结论不成立时失败**的检查才算负对照 —— 正性/有限性检查已排除

============================================================================
  体检报告 · 三层量化指标 (15)
============================================================================

  ── 第一层 · 内部自洽性 (模型对自己) ──

  1.1 中心荷误差   eps_c = |c_MERA - c_exact| / c_exact   [达标]
      定义: MERA 态按 CFT 形式拟合出的中心荷 c, 相对同 L 精确值的偏差。报多条轨迹的分布 (中位数与全距), 判据卡最大值。
      方法: fit_central_charge(MERA 态, L=16) vs 精确基态同 L 拟合; chi=4, 5 条轨迹 (lr=0.03 / 0.12), 每条取 overlap 最高检查点
      参照: 解析对照: c=1/2 的 CFT (Ising 普适类)
      实测 = {'median': 0.030271058571632186, 'min': 0.007931936038204369, 'max': 0.038578057403045, 'all': [0.030271058571632186, 0.038578057403045, 0.032775849198882205, 0.007931936038204369, 0.00801422658496166]}   基线 = 0.1145   目标: 所有轨迹 < 5%
      诚实边界: 基线 0.1145 是单条 600 步轨迹的瞬时值, 无误差棒。本层实测 5 条轨迹全距 [0.79%, 3.86%] —— 那个基线落在本分布的右尾, 说明它是**未收敛**而不是**表示极限**。判据用 max 而非 median: 只要有一条轨迹做不到, "chi=4 能做到"就不成立。目标 5% 未放宽。

  1.2 共形不变性   R_conf = rms(CFT拟合) / mean(S(n))   [达标]
      定义: S(n) 对 CFT 形式 S(n) = (c/3)ln[(L/pi)sin(pi n/L)] + const 的归一化拟合残差。量的是"形式对不对", 与"c 的数值准不准"是两件事。
      方法: fit_central_charge(psi, L)["rms"] / mean(["S"]); 5 条轨迹, 同 L 下同时算 MERA 与精确基态
      参照: 解析对照: 共形场论的 Cardy-Calabrese 公式本身
      实测 = {'median': 0.0017637373820819672, 'min': 0.001096503231549075, 'max': 0.002659218688078806, 'all': [0.0017649565199479515, 0.0017637373820819672, 0.002659218688078806, 0.001096503231549075, 0.0011059483949051134]}   基线 = —   目标: 所有轨迹 < 1%
      诚实边界: 精确基态同量 = 1.020e-03, 是有限尺寸造成的残差地板; 实测全距 [1.097e-03, 2.659e-03]。基线未达标值 0.0102 与本分布的右尾同量级, 同样是预算问题而非形式问题。目标 1e-2 未放宽。

  1.3 谱隙闭合残差   RMS of  g(L) = a/L + b,  g = 1 - p1/p0   [达标]
      定义: 相对谱隙 g = 1 - p1/p0 随系统尺寸 L 的闭合行为对 1/L 律的偏离。临界性的标志是 g -> 0; 这里量的是它收拢得规不规律。
      方法: spiral_loop() 每圈实测的 gap = p1/p0, 对 L in {8,12,16} 拟合 a/L + b
      参照: 解析对照: 临界点处谱隙随 1/L 闭合
      实测 = 0.0014   基线 = —   目标: < 5e-03 且 a > 0 (方向正确)
      诚实边界: 拟合得 a = 0.9241 (a > 0 表示确实在闭合), b = 0.5766; g 的六个实测值 = [0.6911, 0.6566, 0.6338, 0.6338, 0.6338, 0.6338] (spiral_loop 跑了 6 圈, 但 L 被 max_L=16 夹住, 末 3 圈与第 3 圈同值)。**只有 3 个点拟一条直线, 仅 1 个自由度** —— 残差小是弱证据。

  1.4 MERA 一致性   max(||W^dag W - I||, ||U^dag U - I||)  与  R^2_linear > R^2_log   [达标]
      定义: 张量网络自身必须满足的两条约束: (a) 解纠缠器酉、等距张量等距, 且到机器精度;(b) 因果锥张量数随 n 线性增长 (体是体积律), 优于对数增长。
      方法: mera_isometry_check(): 7 个酉 + 6 个等距; mera_causal_cone(): 线性拟合 R^2=0.9771 vs 对数拟合 R^2=0.8380
      参照: 解析对照: 等距性是 MERA 的定义性质, 不是拟合结果
      实测 = 7.772e-16   基线 = 6.660e-16   目标: < 1e-12 且 R^2_linear > 0.95 且 线性 > 对数
      诚实边界: v11 只把这两个误差 print 出来, 没有判定 —— v12 补成可证伪的 bool。这里能说的是"张量性质成立", **不是**"MERA 拟合得好"; 拟合质量由 1.1 的中心荷误差负责。

  1.5 全程稳健性   max over 5 条轨迹 (eps_c, R_conf) < (5%, 1%)   [达标]
      定义: 1.1 与 1.2 的阈值同时施加到每一条独立轨迹 (不同随机种子 x 不同学习率), 取最坏情况。防止"多跑几个种子然后报中位数"把失败轨迹平均掉。
      方法: chi=4, L=16, 各轨迹独立初始化 (种子) 与独立优化器 (学习率)
      参照: 无外部参照 —— 这是自设的稳健性要求, 不是文献标准
      实测 = {'max_eps_c': 0.038578057403045, 'max_R_conf': 0.002659218688078806, 'n_runs': 5, 'worst_run': {'lr': 0.03, 'seed': 1, 'eps_c': 0.038578057403045, 'R_conf': 0.0017637373820819672}}   基线 = —   目标: max eps_c < 5% 且 max R_conf < 1%
      诚实边界: 最坏轨迹: lr=0.03, seed=1, eps_c=3.8578%, R_conf=1.764e-03。这一项比 1.1/1.2 严格 —— 它不可能在 1.1/1.2 失败时通过。

  1.6 预算漂移   drift = (eps_c(N) - eps_c(N/2)) / eps_c(N/2)   [诊断]
      定义: 训练预算翻倍时中心荷误差的相对变化。负值 = 还在下降, 说明报出的值是上界; 接近 0 = 已进平台, 说明报出的值就是该 chi 的最优。这是一个诊断项, 不给通过判定 —— 它的作用是把"收敛了多少"变成可读数字。
      方法: 训练过程中每 100 步记录一次; 取 step=700 与 step=1500 两点
      参照: 无外部参照 —— 这是对本次运行自身的收敛性描述
      实测 = {'drift': -0.33372051362217403, 'eps_c_half': 0.0491923432568297, 'eps_c_full': 0.032775849198882205, 'step_half': 700, 'step_full': 1500, 'R_conf_half': 0.004011744778638479, 'R_conf_full': 0.0017649565199479515}   基线 = —   目标: 仅诊断, 不设阈值
      诚实边界: chi=4, N=1500: eps_c 从 4.919% (step 700) 到 3.278% (step 1500), 相对变化 -33.4%。仍在下降, 故报出值是上界 (对达标有利, 不是不利); 但**不能**声称已收敛到该 chi 的最优值。

  1.7 chi 瓶颈归因   受控比较: 换 chi 的增益 vs 换预算的增益   [诊断]
      定义: 判定基线 note 的"主因是有限键维截断"这句断言是否成立。做法: (a) 同种子同步数只改 chi, 量出 chi_gain; (b) 同 chi 只改预算, 量出 optim_gain; 两者比量级。另加一条无需比较的硬事实: chi=4 同预算下是否已达标。
      方法: chi in [4, 8]; 控制组 chi=8; 每条轨迹取最佳检查点 (按 overlap 选)
      参照: 单条 600 步轨迹的 eps_c = 0.1145 (无误差棒) 作为预算对照
      实测 = {'measured': {4: 0.030271058571632186, 8: 0.01879143445808808}, 'chi_gain': 1.6108966369304034, 'optim_gain': 3.782490781716534, 'chi_used': 4, 'chi_ctrl': 8, 'passes_at_chi_used': True, 'monotone_in_chi': True, 'floor_chi_used': 0.05928015097602405, 'ratio_over_floor_supporting_only': 0.510644086987487, 'verdict': 'chi 不是瓶颈: chi=4 同预算下已达标 (3.03% < 5%)'}   基线 = —   目标: 仅诊断, 不设阈值
      诚实边界: 同种子同步数, chi 4->8: eps_c 3.027% -> 1.879%, chi_gain = 1.61x。同 chi=4, 预算 600->1500 步: 11.45% -> 3.027%, optim_gain = 3.78x。chi 单调性: 成立。**结论**: chi 不是瓶颈: chi=4 同预算下已达标 (3.03% < 5%)。提 chi 只能再降 1.61x, 而基线的 11.45% 与本层的 3.027% 差 3.78x。注: optim_gain 把步数/检查点选择/种子捆在一起, 是合并数字; chi_gain 才是单变量受控量。Schmidt 截断参照 5.928% 仅作量级附列, 非严格下界, 不参与判定。

  1.8 14 L1 空无到链的下游连线 (重叠曲线)   |<void|gs(h/J)>|^2, void = stage1_void 的等权局部态张成 L 个自旋   [达标]
      定义: 给 L1 建第一条可检验的下游连线, 并让 dim_full 第一次被真消费 (v15 里它只被 print, 从不与 2**L 比对)
      方法: spiral_model_v16.derive_L1_void_to_chain / l1_void_pushaway
      参照: W6 台账 L1 格 = 缺; W11 诊断: L1 无到下游的因果通路, 负对照 0 条
      实测 = {'dim_full': 65536, 'dim_match': True, 'overlap_curve': [[2.0, 0.7634043772096475], [4.0, 0.938350613690378], [8.0, 0.9844283459176129], [16.0, 0.9960970869278577], [32.0, 0.9990236461017004]], 'overlap_inf': 0.9990236461017004, 'one_minus_overlap_inf': 0.0009763538982996423, 'monotone': True, 'pushaway_theta_star': 0.3, 'pushaway_overlap_at_star': 0.7000981430032155}   基线 = L1 无任何下游连线 (equal_state 整仓未被取用), dim_full 只被 print   目标: overlap 对 h/J 单调上升, 且 h/J=32 时 > 0.99
      诚实边界: **这条量的是接线, 不是因果**: "|+>^{tensor L} 是 h/J->inf 的基态"是数学事实; 真正被检验的是"L1 的态确实进了下游计算"这条路径 —— B1 之前它根本不存在。有限 h 的诚实标注: 1 - overlap_inf = 9.764e-04 (> 0)。

  ── 第二层 · 微观物理对标 (模型对解析解) ──

  2.1 因果链拟合 RMSE   RMSE(rate_theory, rate_meas)   [达标]
      定义: 受控谱隙扫描下, 幂迭代的理论收敛比 |lam2/lam1| 与实测收敛比之间的均方根偏差。量的是 L2 这条因果链"理论预言能不能被数值复现"。
      方法: selfref_general_matrix() 的 gap_sweep: 4 组 (gap, eps) 各取一对 (理论, 实测)
      参照: 解析对照: |lam2/lam1| (矩阵特征值直接算出, 非拟合)
      实测 = 0.0076   基线 = 0.0076   目标: < 1e-02
      诚实边界: 物理算例 (谱隙由纠缠谱派生 gap=0.366151): 理论 0.366151 vs 实测 0.358751, 偏差 7.40e-03。基线 7.612e-3 由 v11 的 gap_sweep 四组 (0.9000/0.8955, 0.5000/0.4878, 0.2000/0.1926, 0.0500/0.0473) 直接算出, 与本次实测同源 —— 这是复现, 不是改进。逐组偏差: 4.49e-3 / 1.22e-2 / 7.41e-3 / 2.74e-3, 与各组步数 (260/45/22/12) 不对应, 故这里不给出偏差来源的解释。

  2.2 纠缠熵 KL 散度   D_KL(p || q),  p,q = 归一化 Schmidt 谱   [达标]
      定义: MERA 态的 Schmidt 谱 p 相对精确基态谱 q 的 KL 散度; 另报对称化的 JS。比"熵差多少"更强: 熵相同而谱不同的两个态, 熵判据看不出来, KL 能。
      方法: 半链二分 SVD, 两条谱均在 1e-12 处截断后重归一化 (L=16)
      参照: 解析对照: 精确对角化基态的 Schmidt 谱
      实测 = 0.0014   基线 = —   目标: < 1e-02 nats 且 JS < 1e-03
      诚实边界: JS = 1.160e-04。谱在 1e-12 处截断: MERA 丢 51 个分量, 精确态丢 221 个 —— 所以这个 KL 是真实值的**下界**。支撑长度: MERA 205, 精确 35, 共同 35 (KL 只在这个交集上求和)。**反直觉但属实**: 精确基态在 L=16 时已是有效低秩 (最小的保留分量 s=1.23e-06), 而 chi=4 的 MERA 反而拖出一条更长的弱尾 —— 熵匹配不代表尾部匹配。

  2.3 关联衰减指数   eta = 2*Delta_sigma,  |C(r)| = A*[(pi/L)sin(pi r/L)]^(2*Delta)   [达标]
      定义: 临界 TF-Ising 基态的等时自旋关联函数 C(r) = <sigma^z_0 sigma^z_r> 的衰减指数,用共形不变性给出的周期形式拟合 (不是朴素幂律)。
      方法: boundary_correlation_graph(gs,16) 取 C[0,r], r=1..7, 对 ln|C| 与 ln[(pi/L)/sin(pi r/L)] 做线性拟合
      参照: 解析对照: Delta_sigma = 1/8 -> eta = 1/4 (2D Ising / c=1/2 普适类)
      实测 = 0.2426   基线 = 0.2500   目标: 相对误差 < 10%
      诚实边界: 朴素幂律 log|C| ~ -eta log r 给 eta = 0.2049, 相对误差 18.0% —— 远差于共形形式。这正说明有限环上不能用朴素幂律。MERA 态 (非精确态) 的同量在下方"差距诊断"里给出。

  2.4 Jordan 块收敛率   k* = (N-1)/|ln lam|  vs  实测 ||A^k||_2 峰值位置   [达标]
      定义: 6 阶单个 Jordan 块 (lam=0.9) 的幂次范数 ||A^k||_2 的峰值位置, 与解析估计 k* = (N-1)/|ln lam| 的相对误差。它 одновременно证明谱隙判据在此失效 (|lam2/lam1| = 1 却仍有结构) 且瞬态峰值位置是可预言的。
      方法: selfref_general_matrix() 的 transient: 扫 k=1..300 取 ||A^k||_2 的 argmax
      参照: 解析对照: k* = (N-1)/|ln lam| (对 Toeplitz 主元求极值导出)
      实测 = 0.0325   基线 = —   目标: 相对误差 < 5%
      诚实边界: 实测: ||A^k||_2 峰值 k=49 (解析 47.46), 状态范数 ||A^k x0|| 峰值 k=47。谱半径 rho=0.9000 < 1, 峰值放大 272.2 倍, 峰值处 ||A^k||_2/rho^k = 6.26e+04 —— 谱半径把范数低估了这么多倍, 这就是非正规矩阵的"假收敛"陷阱。

  2.5 5 临界性负对照 (h/J 扫描)   argmax c_fit @ h/J=1   [达标]
      定义: 把 h/J 推离 1.0, 检验临界指标是否塌缩 —— 临界模拟是不是事实
      方法: spiral_model_v16.hj_scan(): 逐点精确对角化 + Calabrese-Cardy 拟合
      参照: 横场 Ising 热力学临界点 h/J=1 (解析已知)
      实测 = {'hj_at_c_peak': 1.0, 'c_peak': 0.5072169931065346, 'c_at_hj_first': 0.06456327266436723, 'c_at_hj_last': 0.13165137299879437, 'hj_at_s_peak': 0.95, 'gap_monotone': True, 'discrim': {0.5: 0.8708734546712655, 0.8: 0.4489885885000465, 1.2: 0.38519851724522436, 1.5: 0.7366972540024113}}   基线 = 基线只在 h/J=1.0 单点检验, 无负对照   目标: c_fit 峰位 = 1.0 且 S 峰位 in [0.9,1.05] 且非临界点 |c-0.5|/0.5 > 20%
      诚实边界: **判据已修正**: 任务书原判据 (gap 在 h/J=1.0 取极小值) 物理上不成立 —— gap 对 h/J 单调递减 (0.9967 -> 0.0398), 曲线无内部极值, 照原判据会**伪失败**。改用 c_fit 峰 (0.5072 @ h/J=1.0, 首点 0.0646, 末点 0.1317) + S 峰位 (0.95) + 区分力。诚实边界: S 峰位漂移 -0.05 是有限尺寸效应 (L=16 熵峰偏向 h/J<1), 已声明;

  2.6 6 跨边界条件中心荷交叉检验 (同族)   |c_twist - c_PBC| / c_PBC   [达标]
      定义: 换边界条件 (PBC -> θ=π Z2 twist) 后中心荷读数是否稳定 —— **同族**交叉检验 (换态与边界条件, 不换估计量)
      方法: spiral_model_v16.cross_boundary_twist(): 精确对角化 + 检查点选择协议 MERA (每边 3 种子 x 1500 步, 取 eps_c 中位数轨迹)
      参照: 临界 Ising c=0.5 (体中心荷不应随边界条件改变)
      实测 = {'c_pbc': 0.5238414607840798, 'c_twist': 0.5062373348213425, 'c_exact_pbc': 0.5072169931065424, 'c_exact_twist': 0.5039528498178893, 'rel_diff': 0.03360582787087463, 'dev_vs_exact_pbc': 0.03277584919960542, 'dev_vs_exact_twist': 0.004533132423556413, 'dev_vs_true_pbc': 0.047682921568159564, 'dev_vs_true_twist': 0.012474669642684955, 'c_std_pbc': 0.0017647282462942564, 'c_std_twist': 0.0051828077382637654, 'min_overlap': 0.9985393070169698, 'renyi_mean': 0.5398636269417574, 'renyi_std': 0.022523393048311437, 'renyi_dev_vs_true': 0.07972725388351476, 'renyi_validated': False}   基线 = 基线只有 PBC 一个边界条件, 无跨边界条件检验   目标: 相对差 <= 5%, 且两个偏差 (vs c_exact(L) 与 vs 0.5) 并列报告
      诚实边界: **同族**标注: ansatz 仍是同一个 Calabrese-Cardy log 式, 换的只是边界条件与态 —— 它检验稳健性, **不是**独立族估计量。独立族**: **未建立**。已试 Rényi 指数扫描 (alpha in [0.5, 0.75, 1.5, 2.0, 3.0, 5.0, 8.0]), 实测均值 c=0.53986, std=0.02252, 对 0.5 偏差 7.97% -> 验证不通过, 降为诊断项。诚实边界: 这是受 L<=16 天花板限制的结果, 已如实声明; 未伪造第二把尺子。

  2.7 7 一致性检查束 (数值路径 <-> 解析路径)   5 条各自的双路径偏差   [达标]
      定义: 实现与它声称的解析式是否一致 —— 测的是**实现**, 不是物理结论
      方法: spiral_model_v16.consistency_checks(): eigsh vs JW 闭合式 / 幂迭代残差 / Forman 环恒等式 / 离散 Laplacian 零和 / 精确平衡恒等式 / 熵上界
      参照: Jordan-Wigner 闭合式, 4-deg(u)-deg(v), 周期域上 Laplacian 零和, 同一更新式的离散平衡
      实测 = {'l2_max_abs_dev': 2.3092638912203256e-14, 'l2_n_points': 5, 'l3_max_residual': 8.63962392416233e-14, 'l3_n_case': 5, 'l5_cycle_max_abs': 0.0, 'l5_cycle_min_n': 4, 'l6_lap_zero_rel_max': 5.088027116705125e-17, 'l6_balance_abs_err_max': 2.656566373132607e-16, 'l6_drift_first_step': -6.249999999996536e-05, 'l7_entropy_ratio': 1.0, 'l7_equal_weight': 1.0, 'l7_defined': False, 'l7_bound_ok': True, 'l7_rho_jac': 1.0, 'l7_rho_is_identity': True, 'l7_rho_jac_B': 0.9411764705657704, 'l7_ratio_B': 0.9999999999300533, 'l7_defined_B': True, 'l7_status_B': '结构'}   基线 = 既有实现完全没有这类对照 —— 三份检查里两份恒真、一份是范畴错误   目标: L2/L3/L5/L6a/L6b < 1e-12 (L2 < 1e-10), L7 两条上界成立
      诚实边界: **五条各自的两条路径**: L2 用 Jordan-Wigner 闭合式 E0=-Sum sqrt(J^2+h^2-2Jh cos(pi(2k+1)/L)) 对 eigsh, 5 个 (L,h) 点最大偏差 2.31e-14 —— 这条是**真的独立路径**, 它能测出 H 的位序、周期键、横场符号错, 而 eigsh 对 H 本身对不对一句话都没有。L3 断言幂迭代残差 8.64e-14 (5 个算例) —— 原判据写的是「与 Lanczos 100/200/500 步无关」, 但 eigsh 没有步数参数, 换成 maxiter 后 30 以上逐位相同, 零分辨力。L5 环 C_n (n>=4) 的 Forman max|F|=0.00e+00 (解析 0); **n=3 已排除** —— C_3 就是 K_3, augmented 的 +3 项把它顶到 +3。L6 两条: 离散 Laplacian 零和相对残差 5.09e-17, 精确平衡恒等式 abs 误差 2.66e-16。L7 熵比 1.0000 <= 1 且等权度 1.0000 <= 1。**诚实边界**: L6 的两条是**格式性质** —— 保证代码按写下的方程在算, 不保证那个方程描述的是生命; 首步 <u+v> 漂移 -6.250e-05 就是「u+v 守恒」这个伪不变量的反例 (源汇项 F(1-u) 与 (F+k)v 不相消)。L7 上界在塌缩支恒取等号, 本项 defined=False, 那一支不带信息量。

  2.8 8 涌现几何的对照鲁棒性   MERA 在零模型对照分布中的百分位   [达标]
      定义: 涌现几何的曲率读数在同类规模图里是否异常 —— 把单点比较换成有序量
      方法: spiral_model_v16.geometry_controls(): 三类零模型 x 3 实例, 每图算 forman_ricci(triangles=False) 与 ollivier_ricci(alpha=0)
      参照: 三类零模型: gnm (同 |V| 同 |E|) / ws (配度小世界) / tree (平衡二叉树)
      实测 = {'mera_forman_mean': -2.241758241758242, 'mera_or_mean': -0.3296703296703296, 'mera_d_bar': 2.935483870967742, 'mera_n_triangles': 0, 'forman_pctile': 33.33333333333333, 'or_pctile': 33.33333333333333, 'n_controls': 9, 'families': ['gnm', 'tree', 'ws'], 'forman_ctrl_min': -4.087912087912088, 'forman_ctrl_max': -0.12903225806451613, 'or_ctrl_min': -0.44837781266352683, 'or_ctrl_max': -0.06451612903225803, 'by_family': {'gnm': {'forman_mean': -3.553113553113553, 'or_mean': -0.43431013431013427, 'n_triangles': 3, 'd_bar': 2.935483870967742}, 'tree': {'forman_mean': -0.8666666666666667, 'or_mean': -0.2888888888888888, 'n_triangles': 0, 'd_bar': 1.935483870967742}, 'ws': {'forman_mean': -0.19354838709677416, 'or_mean': -0.08960573476702505, 'n_triangles': 0, 'd_bar': 2.0}}, 'more_negative_than_all': False, 'pctile_band': [5.0, 95.0]}   基线 = 原先只有 1 个对照实例 (同规模随机图), 无百分位, 无族分解   目标: Forman 与 Ollivier 两个测度都落在对照分布的 [5%, 95%] 内
      诚实边界: MERA 的 Forman 均值 (-2.242) 位于 9 个对照实例的第 33 百分位, Ollivier 均值 (-0.3297) 位于第 33 百分位 —— 两个测度都落在 [5%, 95%] 内, 故结论是"MERA 体几何具有负曲率特征, 但在同类规模的零模型里不是统计异常"。 "MERA 比全部对照更负" 这个升级主张实测为 False。 逐族均值: gnm: Forman -3.553 (三角 3, d_bar 2.94); tree: Forman -0.867 (三角 0, d_bar 1.94); ws: Forman -0.194 (三角 0, d_bar 2.00)。**诚实边界**: 这是零模型对照, 不是同一物理系统的不同实现; 百分位不特别**不**支持"MERA 就是全息对偶", 落在区间外也**不**构成对涌现几何整体主张的否证。三角形数与平均度必须与曲率一起读 —— 本工作用的是无三角形式 F=4-deg(u)-deg(v), 它只在图接近树时与完整 Forman 等价, 而 MERA 图三角数 = 0。

  2.9 9 自指变体秩1化的 N 依赖 (相图)   A/B 各变体秩1化的种子命中率随 N; A 的 ||x|| 幂律指数 p   [达标]
      定义: "这条结论依赖 N"是依赖成一条阈值, 还是随种子随机? A 的秩1方向是不动点还是暂态?
      方法: spiral_model_v16.selfref_N_dependence(): 逐 N 调 selfref_coupled, 7 个 N x 5 种子 x 8000 步, 判据 sigma1/sigma2 > 1e3
      参照: 自指网络宽度 N (非链长 L); 物理可达的只有 N_self(L) in {11..17}
      实测 = {'nd_N_list': [11, 12, 15, 16, 17, 48, 64], 'nd_seeds': [0, 1, 2, 3, 4], 'nd_steps': 8000, 'nd_hit_rate_free': {11: 0.0, 12: 0.0, 15: 0.0, 16: 0.0, 17: 0.0, 48: 0.2, 64: 1.0}, 'nd_pure_N': [64], 'nd_zero_N': [11, 12, 15, 16, 17], 'nd_mixed_N': [48], 'nd_reachable_N': [11, 12, 15, 16, 17], 'nd_reachable_hit': {11: 0.0, 12: 0.0, 15: 0.0, 16: 0.0, 17: 0.0}, 'nd_median_p_free': 0.4875989936455188, 'nd_frozen_converged_frac': 0.14285714285714285, 'nd_seconds': 233.83862529997714}   基线 = v14 只在结语里对比手工 N=64 与派生 N=17 两个点, 没有相图   目标: 相图报出各 N 的命中率 (不预设阈值); RANK_TOL 换阈值不翻盘; p > 0
      诚实边界: **逐 N 命中率**: N=11:0%, N=12:0%, N=15:0%, N=16:0%, N=17:0%, N=48:20%, N=64:100%。**这是随机的, 不是阈值** —— 既有全 0 ([11, 12, 15, 16, 17]) 也有全中 ([64]), 还有部分命中 ([48]); 若把它读成一条 N_c 就会错。 **可达区间**: L<=16 只能派生出 N=[11, 12, 15, 16, 17], 实测命中率 {11: 0.0, 12: 0.0, 15: 0.0, 16: 0.0, 17: 0.0} —— A 在生产路径上**从不**秩1化, 所以 v14 那处「判据用变体 A、取值用变体 B」的不一致是**死代码**, 这正是它藏了这么久的原因。 **暂态判定**: A 的 ||x|| ~ n^-p, p 中位 0.4876 (预测 1/2, 来自 ds/dn = -s^3/3 即 g=1 的边缘稳定) —— p>0 说明秩1方向是**有限步暂态**, 渐近仍归于 x*=0, 不是不动点。**诚实边界**: 只吻合指数, 前置因子差约 5.9 倍未复现; 且这里的 N 是自指网络宽度不是链长 L, 不受 L<=16 约束。

  2.10 10 谱学中心荷 (能谱族)   c = 12*Delta1*(e_inf*L - E0)/(E1 - E0);  比值 (E2-E0)/(E1-E0) -> 8   [达标]
      定义: 用低能能谱的闭式比值给 c=1/2 建第二把尺子 (独立于纠缠谱族)
      方法: spiral_model_v16.spectral_central_charge(): 稀疏 eigsh 取 H 头三个本征值, L=[8, 10, 12, 14, 16]; e_inf 由同一条自由费米子色散数值积分
      参照: Ising CFT (c=1/2): Delta1=1/8 (sigma, R 扇区真空), Delta2=1 (epsilon, NS 双粒子); e_inf 解析值 -4/pi 仅作校验
      实测 = {'sp_c_L_list': [8, 10, 12, 14, 16], 'sp_c_e_inf': -1.2732445447286176, 'sp_c_e_inf_dev': 4.999993454823937e-06, 'sp_c_ratio_first': 7.923141121612993, 'sp_c_ratio_L16': 7.98073890668838, 'sp_c_ratio_pred': np.float64(7.980738906688613), 'sp_c_ratio_monotone': True, 'sp_c_all_identified': True, 'sp_c_c_lo': 0.4989393669466519, 'sp_c_c_hi': 0.5003388435244579, 'sp_c_c_L16': 0.4989393669466519, 'sp_c_devmax_pct': 0.21212661066961624, 'sp_c_v_L16': 2.001607930712092, 'sp_c_renyi_ref_pct': 7.97}   基线 = v14 说明 §7.4: 独立族未建立, Rényi 扫描偏差 7.97%, 记为未通过   目标: E1/E2 与解析识别逐点相符; 比值单调且 L=16 在 8 的 1% 内; c 落在 0.5 的 1% 内
      诚实边界: **算符内容识别**: E1 逐点等于 R 扇区真空 (Delta1=1/8), E2 逐点等于 NS 双粒子 (Delta2=1) —— 这条不含 c 也不含 v, 是全项里最硬的一条。 **v 无关比值**: (E2-E0)/(E1-E0) = 7.9231 (L=8) -> 7.9807 (L=16), 单调趋 8。 **c 读数**: L=8..16 落在 [0.49894, 0.50034], 最大偏差 0.212% (对照 Rényi 族的 7.97%)。 **边界一**: 读数**不随 L 单调收敛**, L=16 反而是最差点, 残差是 O(1/L) 有限尺寸修正 (用解析值代入结果逐位相同, 故非数值误差) —— 只能说'相容到 0.21%', 不能说'外推到 0.5'。 **边界二**: 函数含 Delta1=1/8, 所以这条是**自洽性**而不是无假设测量; 与纠缠谱族同等带假设 (后者带 Calabrese-Cardy 形式)。真正独立的是数据与函数形式。它的强度被前提封顶, 故其通过不应与 (a) 同级读。

  2.11 11 面积律 vs 对数律   S(L/2) = (c/3)ln L + b  的 c_scaling; 对照 AIC 的 S(l) 形状检验   [达标]
      定义: 临界点走对数律、非临界点走面积律 —— 用纠缠熵对 L 的标度分开两者
      方法: spiral_model_v16.area_vs_log_law(): 逐 h/J 逐 L 求基态并算 S(L/2), L=[8, 10, 12, 14, 16]; 另在同尺寸上比对数律/常数律的 RMSE 与 AIC
      参照: 面积律 S->const 与对数律 S~(c/3)ln L 是 1D 有隙/临界两种标准行为
      实测 = {'alw_hj_list': [0.5, 0.7, 0.85, 1.0, 1.15, 1.3, 1.5, 2.0], 'alw_L_list': [8, 10, 12, 14, 16], 'alw_c_scaling_crit': 0.49757297434283015, 'alw_r2_crit': 0.9999990368945212, 'alw_c_scaling_gapped': {0.5: 0.0007074798042744997, 1.5: -0.018693806786979718}, 'alw_hj_at_peak': 1.0, 'alw_crit_logshape': 0.5072169931065319, 'alw_partA_winners': {'0.5': 'log', '1.0': 'log', '1.5': 'log'}, 'alw_partA_dAIC': {'0.5': 10.612771716646932, '1.0': 76.14105980532997, '1.5': 16.348172975397723}, 'alw_partA_has_power': False}   基线 = v14 只在 h/J=1.0 上假设对数律拟合 c, 从不与面积律对照; 审计表 L3 行与接口建议 P0 把这件事登记为 🔶 未决   目标: 临界点 |c_scaling-0.5|<0.05 且 R2>0.99; 非临界点 |c_scaling|<0.05; 峰位在 h/J=1.0
      诚实边界: **峰位**: |c_scaling| 最大在 h/J=1.00。 **临界点**: c_scaling=0.4976, R2=1.0000 —— 同一套拟合在 h/J=0.5 给 0.0007、h/J=1.5 给 -0.0187, 即'完全不涨'或轻微为负, 面积律。 **两族读数交叉检验**: 同一批数据换自变量, S(l) 形状拟合给 c=0.5072, L 标度给 c=0.4976 —— 两者**不独立** (同一条 S 数据), 只算自洽。真正独立的第二族是 W3b (能谱)。  **边界**: 杠杆臂只有 L: 8->16 (L 的比值 2 倍, 但拟合自变量是 ln L, 在全 log2 轴上只跨 1.00 个 octave), 故这是**定性区分**(平 vs 对数), 不是定量外推; c_scaling 不当第三把精确尺子。

  2.12 12 有限尺寸标度   c(L), xi(L), S(L/2), E0/L 逐 L; 与 spiral_loop 同 L 对照; 逐 L JW 核对   [达标]
      定义: 把 L 当自变量, 测 spiral_loop 那套读数作为 L 的函数 —— 并判定 max_L 限制了谁
      方法: spiral_model_v16.finite_size_scaling(): 逐 L 单独求基态并算全部读数 (L=[8, 10, 12, 14, 16, 18]); 估计量与 spiral_loop 逐字同源, 故同 L 必须同数
      参照: Ising CFT: c -> 1/2; 临界 TFIM: E0/L -> -4/pi (解析); Jordan-Wigner 闭合式是与稀疏对角化独立的第二条路径
      实测 = {'fss_L_list': [8, 10, 12, 14, 16, 18], 'fss_c_by_L': {'8': 0.51340550819704, '10': 0.5109642433126494, '12': 0.5093138864893327, '14': 0.5081210456096795, '16': 0.507216993106539, '18': 0.5065070735816783}, 'fss_xi_over_L': {'8': 1.6647944526783813, '10': 1.4689297809618247, '12': 1.348620566318015, '14': 1.266716370469456, '16': 1.2070977917904357, '18': 1.1616085336867574}, 'fss_E0_per_L': {'8': -1.2814577238707539, '10': -1.278490644299932, '12': -1.2768829292567299, '14': -1.2759148957686435, '16': -1.2752871546722893, '18': -1.2748570272966497}, 'fss_entropy_half': {'8': 0.6350956654986198, '10': 0.6720147574191435, '12': 0.7022545114919984, '14': 0.7278576537957524, '16': 0.7500553972738764, '18': 0.7696465075131692}, 'fss_gap': {'8': 0.3088922453971178, '10': 0.328251034774345, '12': 0.3434079933113361, '14': 0.35576985858881066, '16': 0.36615140348007286, '18': 0.37506353537376663}, 'fss_dc_vs_spiral_loop': 3.3306690738754696e-15, 'fss_dxi_vs_spiral_loop': 3.410605131648481e-13, 'fss_overlap_L': [8, 12, 16], 'fss_jw_worst_dev': 2.842170943040401e-14, 'fss_E0_over_L_analytic': -1.2732395447351628, 'fss_mera_admissible_L': [8, 16], 'fss_mera_inadmissible_L': [10, 12, 14, 18], 'fss_cost_total': 7.282210399978794}   基线 = v14 从不把 L 当自变量扫; 审计表 P2 行登记为"去掉 max_L 上限使 xi/L 收敛", 方向记反了   目标: c(L) 单调趋 1/2; E0/L 单调趋 -4/pi; 与 spiral_loop 同 L 差 < 1e-6
      诚实边界: **核心是方法学事实**: 对这几个读数 16 不是墙 —— 稀疏 ED 没有 16 这个上限 (L=18/20 实测均可跑), 卡住 16 的是末圈 MERA 要求 L 为 2 的幂。 四类读数: (a) c: 0.513406 -> 0.510964 -> 0.509314 -> 0.508121 -> 0.507217 -> 0.506507, 单调趋 1/2; (b) E0/L: -1.281458 -> -1.278491 -> -1.276883 -> -1.275915 -> -1.275287 -> -1.274857, 单调趋 -4/pi=-1.273240; (c) 与 spiral_loop 在 L=[8, 12, 16] 上 dc_max=3.33e-15, dxi_max=3.41e-13 —— 同源估计量的必然结果, 不是新信息, 但它是『两条路径没跑偏』的可复现证据; (d) JW 逐 L 最大偏差 2.8e-14。  **边界**: 杠杆臂 L 8->18 在全 log2 轴上只跨 1.17 个 octave —— **不足以改善标度拟合**, 扩 L 的价值全在『16 不是墙』这一条。 本函数**不做** v->infinity 外推。

  2.13 13 负对照台账 (逐层)   七个物理阶段各自的负对照条数 / 类型 / 守卫存活情况   [达标]
      定义: 把散在各层的负对照按阶段归位, 并**如实报出哪几层没有** —— 答审计表 P2「负对照系统化 (逐层)」
      方法: spiral_metric_v16._NEG_CTRL_TABLE 与 GUARDS 注册表对表; 层号口径与 F5 一致 (F5-L2/L3/L5/L6a/L6b/L7)
      参照: 审计表 P2 行把"负对照系统化"登记为 🔶 未决; v14 的负对照按批次 (F1/F2a/F5/F6/F7) 编号, 没有层标, 无法判断哪层被覆盖
      实测 = {'nc_per_layer': {'L1': 1, 'L2': 3, 'L3': 3, 'L4': 1, 'L5': 2, 'L6': 2, 'L7': 1}, 'nc_kinds_by_layer': {'L1': ['推离'], 'L2': ['推离', '二路径', '二路径'], 'L3': ['推离', '二路径', '推离'], 'L4': ['推离'], 'L5': ['零模型', '二路径'], 'L6': ['二路径', '推离'], 'L7': ['上界']}, 'nc_guards_by_layer': {'L1': 1, 'L2': 9, 'L3': 5, 'L4': 1, 'L5': 4, 'L6': 4, 'L7': 1}, 'nc_n_layers_covered': 7, 'nc_n_layers_total': 7, 'nc_gap_layers': [], 'nc_phantom_guards': [], 'nc_missing_layers': [], 'nc_total_controls': 13, 'nc_kind_counts': {'推离': 6, '零模型': 1, '二路径': 5, '上界': 1}}   基线 = v14 无任何逐层负对照台账 (只有按批次编号的检查清单)   目标: 台账引用的守卫名全部存在, 且七层各出现一次
      诚实边界: **负对照的判据比"有个检查"严**: 它必须能在结论不成立时失败。所以单纯的正性/有限性检查 (如"L4 纠缠熵为正") 被**排除在外** —— 它们仍以普通守卫留在通过率里, 只是不在这里充数。 实测覆盖 7/7 层, **无负对照的层: []**, 共 13 条对照 (类型分布 {'推离': 6, '零模型': 1, '二路径': 5, '上界': 1})。 最强的是 L5 (F6 零模型族: 三类对照 x 3 实例, 双侧 [5%,95%]); 最薄的是 L7 (仅一条上界, 且 W4 新增的 Jacobian 谱半径只报告无守卫)。 L4 的缺口已由 W12 的「推离」补上 (只补必要性方向); L1 的缺口由 v16·B1 补上 —— W11 当初查清了它造不出来的原因 (L1 到下游没有因果通路), B1 因此先给 L1 建了第一条真实连线, 推离才有可改变的对象。**口径限制**: 那条推离的 overlap 由被转动的态直接算出, 标定的是灵敏度尺度, 不是独立的物理证伪。

  ── 第三层 · 宏观结构 / Surrogate 对标 (模型对外部数据) ──

  3.1 III-A1 描述子距离   D_struct = RMS_i |a_i-b_i| / sqrt(a_i^2+b_i^2)   [诊断]
      定义: 阶段六 GS 斑图与 CLIP GS 斑图的 6 个无量纲结构描述子之间的距离, 以参考侧自身的种子间散布为噪声底。**这是方法学展示, 不设达标判定**: 两个混杂因子 (相区参数不同、盒子尺寸与网格不同) 使这个距离无法单独归因给"盒子大小", 因此按物理目标判达标/不达标是没有信息量的。
      方法: structural_descriptors() 在二值化 (两侧同为 v>中位数) 的末帧上; 参考侧 12 个 v14 自建种子取中位数
      参照: Gray-Scott 参考家族: 归档 bool 场 (3 个, 已废) 与自建 12 个种子并列报告
      实测 = {'D_struct': 0.422138799334434, 'scatter': 0.5648907533336462, 'ratio_over_scatter': 0.7472928116511451, 'per_key': {'phi': 0.0, 'v1_lam': 0.0267379807037995, 'v2_lam2': 0.7249659497582673, 'kpk_k1': 0.09631508357725223, 'w50': 0.7228942357119368, 'xi_lam': 0.10518448626125233}, 'n_lambda_model': 4.0757913410919695, 'n_lambda_ref': 3.4785667316193383, 'params_model': 'F=0.035, k=0.06', 'params_ref': 'f=0.01, k=0.042', 'v13_published': {'D_struct': 0.9331199222208058, 'scatter': 0.4544284663147314, 'ratio': 2.053392318901384}, 'n_ref_seeds': 12}   基线 = —   目标: None
      诚实边界: D_struct = 0.4221, 参考侧种子间散布 = 0.5649, 比值 0.75。**读法**: 比值 >1 说明模型斑图在描述子意义上可被区分于参考家族, 但只到 0.75 倍, 属于弱可区分 —— 不足以声称"是同一族", 也不足以声称"是不同的斑图类型"。**F3 的口径变更 (必读)**: 已发布基线值 D_struct=0.9331 / scatter=0.4544 / 比值=2.053。本版换参考侧后为 0.4221 / 0.5649 / 0.747。**参考侧为什么换**: 旧参考侧是从归档搬来的 bool 场, 实测与同一归档的浮点场任何简单二值化都对不上 (一致率≈0.5), 其生成管线不在归档中; 且三个"种子"实为同一个硬编码 IC。所以那个 scatter 不是种子间散布, 而是一条不可复现管线的抖动。**边界**: 换掉参考侧后 D_struct 降了 55%, 这不等于"模型变好了"—— 它说明旧值里有相当一部分距离来自坏参考场, 而不是来自模型与参考的物理差异。已发布基线把这一类比较按"达标/不达标"裁决, 得出的 "0/4 达标" 正是在这个区间里做的无信息量判决。本版按用户要求把第三层正式降级为方法学展示: 报数字、报混杂因子、不设物理达标线。

  3.2 III-A2 归一化谱形残差   R_P = RMS(log P_a - log P_b), 各自归一到积分 1   [诊断]
      定义: 两条功率谱在 k/k_pk 坐标下的对数形状残差, 振幅已归一化掉, 只剩形状。横轴以各自谱峰波长为单位, 所以与盒子大小无关 —— 这是 A 段里受混杂因子 (2) 影响最小的一项。
      方法: _band_power(...,dim=2) -> Delta^2(k) -> _shape_residual(n_grid=24)
      参照: CLIP Gray-Scott 基准 (同方程形式, 不同相区参数与盒子)
      实测 = 1.7468   基线 = —   目标: None
      诚实边界: R_P = 1.7468。这是对已发布基线那条结果 R_P = 1.277 的直接追问: 那个数当时是拿 GS 去比 3D CDM 晕谱, 既可能反映"GS 是锁模环"这个真实性质, 也可能只是"2D 斑图 vs 3D 密度场"维度错配的产物。本版换成同方程形式的二维参考重做, 谱形残差仍然不小, 说明它不是纯维度错配造成的; 但因相区参数也不同, 仍不能归因给盒子。与 A1 一样, 只作展示, 不设达标线。

  3.3 III-A3 同单位受控距离   D_struct(模型侧 vs 同物理受控参考), 逐种子   [诊断]
      定义: 把参考侧换成与模型侧**逐字同参数同单位**的受控重算 (v15/spiral_v15_prepare.py, N=36/72/144, dt 随 h^2 同比缩), 于是两侧是同一物理。衡量两件事: (i) 模型侧读数是否落在参考侧自身的初值散布内; (ii) 分辨率变化带来的距离是否超出该散布。**这是 A 段唯一可归因的比较**。
      方法: data/_v15_cache/gs_v15seed.npz; descriptor_distance 逐种子算, 并排除与模型侧同初值的 seed 0 (否则循环)
      参照: 与模型侧逐字同参数的 Gray-Scott 受控重算 —— 不是独立数据源
      实测 = {'skipped': False, 'bit_identity_maxdiff': 0.0, 'dist_model_vs_ref': {36: 0.33691674878305833, 72: 0.3054536668505451, 144: 0.37011056464270464}, 'scatter_within_N': {36: 0.3900413893956962, 72: 0.4862200088873634, 144: 0.44498388470766637}, 'ratio_over_scatter': {36: 0.8637974275116146, 72: 0.6282210959387025, 144: 0.8317392547504276}, 'cross_N_distance': {'36-72': 0.2905942755249977, '36-144': 0.3655071406846569, '72-144': 0.28681078386901737}, 'w50_median': {36: 0.006590726611507796, 72: 0.0020653398422831393, 144: 0.0006659689848729902}, 'constant_descriptors': ['phi', 'kpk_k1'], 'old_D_struct': 0.9331199222208058, 'contract': {'L_domain': 0.5, 'Du': 2e-05, 'Dv': 1e-05, 'F': 0.035, 'k': 0.06, 'T_phys': 40000.0, 'N_ref': 36, 'integrator': '显式欧拉 + 5 点 np.roll 拉普拉斯 (周期)', 'binarize': 'v > median(v) 逐场'}}   基线 = —   目标: None
      诚实边界: 模型侧 vs 受控参考 (非同一初值) 的距离/散布比值: N=36: 0.86, N=72: 0.63, N=144: 0.83 —— 全部 <1, 即落在噪声底内。**边界 (必读)**: 受控参考侧与模型侧是**同一物理**, 所以它**不能**回答"模型像不像外部实验数据"; 那个问题需要独立数据源, 而 A 段现有的两个参考源 (归档 bool 场、v14 自建种子) 都带着相区与单位混杂。本项只支撑一句话: 在控制住混杂之后, 模型侧的结构描述子读数落在其自身初值散布之内。

  3.4 III-B1 BZ 振荡周期与规整度   CV = std(dt) / mean(dt), 波峰间隔的变异系数   [诊断]
      定义: BZ 时空图里波峰时刻的一维时序统计。**这个量不依赖任何轴语义类比** —— 波峰时刻本就是一维时序, 与"把时空图当二维斑图"无关, 所以它不受上面那条图版污染的影响 (波峰标记是原始作者从数据里提出来的数值列, 不经过 .tif 渲染)。
      方法: _peak_period_stats(): 相邻波峰间隔的中位数与变异系数; 标定 15 px = 2.5 s -> 0.1667 s/px
      参照: Southampton D0363 (Sci. Rep. 2018) 三份独立记录
      实测 = {'n_records': 3, 'dt_cv': [0.26969112347940477, 0.4169184624537257, 0.8993193705122682], 'period_s': [15.0, 24.5, 33.58333333333333], 'period_spread': 0.7628278221208664, 'lag_agreement': {'fig3': {'ac': {'T/2': 0.3531370227737537, 'T': 0.8704577928218759, '1.5T': 0.40938262170567086, '2T': 0.6990566471998508}, 'ratio_T_over_half': 2.464929295673303, 'lag_best': 'T', 'confirmed': True}, 'figS1B': {'ac': {'T/2': 0.771479990381215, 'T': 0.7990825235789173, '1.5T': 0.800108680555025, '2T': 0.7648034748214511}, 'ratio_T_over_half': 1.0357786767535773, 'lag_best': '1.5T', 'confirmed': False}, 'figS1C': {'ac': {'T/2': 0.9056830909806549, 'T': 0.8543783258510954, '1.5T': 0.7970221866400875, '2T': 0.7518811367418322}, 'ratio_T_over_half': 0.9433524092030825, 'lag_best': 'T/2', 'confirmed': False}}}   基线 = —   目标: None
      诚实边界: 三个记录的周期中位数 [15.0, 24.5, 33.6] s, 最大/最小 = 2.24。**不设达标线**: 第一版曾用 "CV < 0.5" 判规整度, 但 figS1C 的 CV = 0.899 (>0.5) 是**那条记录的真实性质** (不规则爆发式波形), 不是流程失败 —— 把记录的性质当成流程的达标项是判据错配。三个记录的周期差异本身是有信息的: 不同记录/不同驱动条件下的 BZ 振荡周期确实不同。 **独立交叉检验** (强度序列在滞后 T 处的自相关, 与波峰标记是两套独立提取): fig3: ac(T)/ac(T/2)=2.46, 极大在 T; figS1B: ac(T)/ac(T/2)=1.04, 极大在 1.5T; figS1C: ac(T)/ac(T/2)=0.94, 极大在 T/2。检验结论与 CV 的排序一致 (CV 越小越确认), 三个量(周期/CV/滞后峰) 互为佐证 —— 这正是本层作为"方法学展示"要交付的东西。

  3.5 III-B2 Reading 驱动响应   主周期(受驱) / 主周期(参考)   [诊断]
      定义: BZ 自振荡水凝胶在周期性机械压缩下的逐帧平均亮度主周期, 相对无驱动参考序列的比值。机械压缩是外驱、自振荡是内禀 —— 比值直接量"外驱有没有把内禀振荡拉过去"(entrainment)。**本次运行的结论是"未检出", 因此不给比值** —— 见 note。
      方法: _series_period(): 线性去趋势 + 谱域高通 (置零 k<8) + Hann 窗 + 带内局部极大 + 突出度判定; 3 个序列, 每个 2161 帧
      参照: Reading (Geher-Herczegh PhD 2023) 三份记录: 参考 / 2min / 20min 压缩
      实测 = {'verdict': {'timelapse20220113_Reference': '谱为红噪声, 无带内峰 (边缘极大不是峰)', 'timelapse20220118_2min': '谱为红噪声, 无带内峰 (边缘极大不是峰)', 'timelapse20220119_20min': '谱为红噪声, 无带内峰 (边缘极大不是峰)'}, 'detected': {'timelapse20220113_Reference': False, 'timelapse20220118_2min': False, 'timelapse20220119_20min': False}, 'drift_frac': {'timelapse20220113_Reference': 0.09927235381137481, 'timelapse20220118_2min': 0.15259902726671684, 'timelapse20220119_20min': 0.1611473761780905}, 'band_argmax_period_frames': {'timelapse20220113_Reference': 270.125, 'timelapse20220118_2min': 270.125, 'timelapse20220119_20min': 270.125}, 'prominence': {'timelapse20220113_Reference': 4605.50739081433, 'timelapse20220118_2min': 3977.06243440479, 'timelapse20220119_20min': 1110.6681909315462}, 'ratios_vs_reference': {}, 'trim_sensitivity': {'timelapse20220113_Reference': {'n_dark': 16, 'trials': [{'trim': 0, 'detected': False, 'drift_frac': 0.09927235381137481, 'k_band_argmax': 8, 'prominence': 4605.50739081433}, {'trim': 16, 'detected': False, 'drift_frac': 0.28729814567936107, 'k_band_argmax': 8, 'prominence': 30.537577339715142}, {'trim': 32, 'detected': False, 'drift_frac': 0.8958181638732715, 'k_band_argmax': 8, 'prominence': 28.673482251658864}]}, 'timelapse20220118_2min': {'n_dark': 22, 'trials': [{'trim': 0, 'detected': False, 'drift_frac': 0.15259902726671684, 'k_band_argmax': 8, 'prominence': 3977.06243440479}, {'trim': 22, 'detected': False, 'drift_frac': 0.7273212771578299, 'k_band_argmax': 178, 'prominence': 213.84942828067526}, {'trim': 38, 'detected': False, 'drift_frac': 0.728110970533817, 'k_band_argmax': 176, 'prominence': 246.7007296171981}]}, 'timelapse20220119_20min': {'n_dark': 28, 'trials': [{'trim': 0, 'detected': False, 'drift_frac': 0.1611473761780905, 'k_band_argmax': 8, 'prominence': 1110.6681909315462}, {'trim': 28, 'detected': False, 'drift_frac': 0.8794385622054393, 'k_band_argmax': 19, 'prominence': 108.99014153229446}, {'trim': 44, 'detected': False, 'drift_frac': 0.8736304435348239, 'k_band_argmax': 19, 'prominence': 102.04051576134027}]}}}   基线 = —   目标: None
      诚实边界: **三条序列全部未检出周期**。第一版运行曾报三条的主周期都是 2161.0 帧 = 100.0% 全长 —— 那不是发现: 三条长度都是 2161, 谱峰也都在 k=1, 即整条记录。诊断查明是慢漂移 (凝胶干燥/照明漂移) 主导: 仅去线性趋势后 k<8 仍占 51%~78% 的功率。改用谱域高通后, 三条的带内最大值都恰好落在频带边缘, 说明剩余谱是**红的** (功率随 k 单调下降), 根本没有振荡峰。检出判据因此要求峰是"带内**内部**的局部极大"且突出度 >= 300 倍局部背景; 该阈值按零假设标定过 (纯红噪声 300 次抽样突出度最大 113, 而 T=25~200 帧的正弦信号最小 2309)。物理上说得通: 这些凝胶存在相位不均匀的螺旋波, 全局平均亮度会把反相的局部振荡抵消掉, 只剩漂移 —— 因此这一项的正确结论是"该观测量检不出周期", 而不是给它编一个周期。 **注意**三条的突出度 4606 / 3977 / 1111 其实**都超过**了 300 这个阈值 —— 挡下检出的是"边缘极大不是峰"这一条, 不是突出度不够。 **另一处必须说明的污染**: 三条序列的头部都是相机预热的暗帧 (亮度 ~25.6 vs 稳态 84~115), 是一段硬阶跃。阶跃谱是宽频的, 会给整条谱灌高频功率, 从而把漂移占比**压小** —— 也就是说上面报出的那三个漂移数是被**低估**的下界。按"掐掉头部 N 帧"重算 (trim = 0 / 暗帧数 / 暗帧数+16): timelapse20220113_Reference: 10% -> 29% -> 90%; timelapse20220118_2min: 15% -> 73% -> 73%; timelapse20220119_20min: 16% -> 88% -> 87%。**但结论不受影响**: 全部 (序列 x 裁剪) 组合都未检出, 见 trim_sensitivity 与守卫 T3-5。

  3.6 III-C1 描述子判别力   d' = D_struct(模型 vs 参考) / D_struct(参考种子间)   [诊断]
      定义: 这套结构描述子把「阶段六 GS 斑图」从「CLIP GS 斑图」里分出来的能力, 以参考自身的种子间散布为单位。它决定 A 段那个距离有没有信息量。
      方法: 分子 = A 段模型-参考描述子距离; 分母 = 参考侧 3 个种子的描述子距离均值
      参照: 自设判据 —— 无文献标准; 阈值 3 取自"跨族差异应远大于同族采样噪声"
      实测 = {'D_cross': 0.422138799334434, 'scatter': 0.5648907533336462, 'd_prime': 0.7472928116511451}   基线 = —   目标: None
      诚实边界: d' = 0.75。**这一项是对已发布基线那条"0/4 达标"的重新解读**。已发布基线用四个阈值型判据对第三层做了裁决并得出"全部未达标"; 而这里量出描述子的判别力只有约 0.7 倍噪声底 —— 也就是说两个斑图族在这个描述子空间里**只是弱可区分**。弱可区分的判据用来做达标裁决, 结果必然对阈值敏感、对采样敏感, 于是"未达标"这个结论里究竟有多少是"模型不像", 有多少是"判据问不出问题", 分不开。把判别力量出来, 才能说清那条"失败"里哪一部分是物理、哪一部分是工具。这就是降级为方法学展示后应当交付的东西。

  ── 守卫通过率 (可证伪检查) ──
      G1 L2 谱退化 derive_L2_entanglement_gap         通过
             条件: 非零 Schmidt 值个数 55 >= 2
             注: 此处原是硬 raise; 现补成可读的判定。
      G2 L4 纠缠熵为正 derive_L4_bond_dimension           通过
             条件: S(L/2) = 0.750055 > 0
             注: 此处原是硬 raise。
      G3 L6 网格足够 derive_L6_grid                     通过
             条件: N = 36 >= 8
             注: 此处原是硬 raise; 派生 N=36 (N_req=36, N_cap=55)。
      G4 Gray-Scott 数值稳定 stage6_life                        通过
             条件: dt*Du/h^2 = 0.1037 <= 0.25
             注: 失稳不会给出"更剧烈的斑图", 只会给出棋盘状假斑图。
      V1 中心荷趋于 1/2 spiral_loop                        通过
             条件: c_last = 0.5072, |c-0.5| < 0.05
      V2 尺度比 xi/L 稳定 spiral_loop                        通过
             条件: ptp(xi/L) < 15% * mean  (末圈 xi/L = 1.2071)
             注: 只有无量纲量才配当收敛判据 —— xi 的绝对值随 L 发散是临界的定义, 不是失败。
      V3 相对谱隙闭合 spiral_loop                        通过
             条件: 1-r: 0.6911 -> 0.6338 (下降)
      V4 尺度被 max_L 截断 spiral_loop                        通过
             条件: L 触顶 16
             注: 诚实为真: 去掉上限 L 会一直涨 —— 那正是临界性, 不是闭环失败。
      V5 无量纲量逐圈收敛 spiral_loop                        通过
             条件: 第 3 圈起变化 < 2%
      V6 权重自由变体秩1化 selfref_coupled                    未通过  [诊断项, 不计入分母]
             条件: 变体A sigma1/sigma2 = 1.135e+00 > 1e3
             注: **设计上就该失败**: 派生 N 之后变体 A 收敛到 x*=0, 权重失去方向。这是诊断项, 不计入通过率 —— 否则会假装把一条真实的负面结果算成"没通过"。
      V7 权重归一变体秩1化 selfref_coupled                    通过
             条件: 变体B sigma1/sigma2 = 3.271e+09 > 1e3
      V8 生命斑图涌现 stage6_life                        通过
             条件: 对比度 0.349 > 0.2 且活化面积 0.637 > 0.05
      G5 曲率解析锚点 validate_curvature                 通过
             条件: max|实测 - 解析| = 2.22e-16 < 1e-6
             注: 这条曾只把 max|.| 打印出来, 没有任何判定 —— 这是一个"有数字无判定"的洞, 现补成 bool。
      G6 最坏轨迹也达标 collect_metrics_v16                通过
             条件: 5 条轨迹 max eps_c = 3.858% < 5%
             注: 若这条为假, 1.1 的"达标"只是在某个种子上运气好。
      G7 最优检查点非首步 mera_fit_v13(overlap 选择)           通过
             条件: 全部轨迹的选定 step > 0
             注: 最佳检查点选择必须真的移动过; 若全停在 step 0, 说明选择逻辑坏掉, 报出的会是初态的随机值。
      G8 L4 几何对偶必要条件 (MMI) collect_metrics_v16                未通过  [诊断项, 不计入分母]
             条件: I3(w) = [0.194068, 0.216633, 0.224846, 0.229723] (w=1..4) 全部 <= 0
             注: **按 L=16 的实测登记为负, 不是待办**: I3 > 0 全部 w, 趋势 +0.0357 (远离 0)。成因是**尺度** —— xi ~ 19.3 > L = 16 (`spiral_model_v16.py:274/309-310`), 整条环落在一个关联长度内, 此处的"分离区域"是格点尺度的。**不等于「RT 被证否」**; 反过来说, 即便 I3 <= 0 也**只是必要条件**—— 通过 != RT 被验证, 更 != 涌现时空 (B2 硬边界 `spiral_model_v16.py:52-53`)。成熟度不动: L4 仍是 C。MMI 与 SSA 不可互换引用: 后者是**自校验**, 前者才是判据。
      L4 键维向下对照: 压到面积律下界以下下游退化 v13_tier1_runs                     通过
             条件: chi=2 (界下, 2 的幂里严格小于面积律下界 exp(S)=2.1171) eps_c=19.595% vs chi=4 (界上, 派生值) eps_c=3.027% -> 退化 6.47x (判据 > 1.5x)
             注: **L4 台账上唯一的负对照 (kind=推离)**。向上那条 (chi=8) 只回答"提 chi 有没有用"; 向下这条才回答"面积律下界到底约不约束下游"。单变量: 同种子/同 lr/同预算, 只改 chi。**诚实边界 (必须连着读)**: (1) 只验**必要性**方向 —— 界不成立时下游退化; **不验充分性**, 而 derive_L4_bond_dimension 的 docstring 本就写它是"必要非充分条件"。(2) chi 只有两个合法取值 (MERA 要 2 的幂), 界下那格就是 chi=2, 本质只有一个自由度, 不是能扫的族。(3) 判据用 >1.5x 的量级比较, **不引用 Schmidt 截断线** —— 那条线不是严格下界 (实测 chi=2 时它给 61.8%, 而 MERA 拿到 19.6%, 比它还低 3 倍), 拿它当标尺会得出反向结论。(4) 若 chi_dev 本身就是 2 (低纠缠区, exp(S) <= 2), 界下不存在合法格点 (MERA 最小键维就是 2), 本守卫**如实判失败** —— 在那个区域里面积律给的是平凡界, 这条派生不携带信息。主流程调用点 (L=16, h/J=1.0) 实测 chi_dev=4, 不落在这个区。
      F2a 主判据: c_fit 峰在临界点 hj_scan                            通过
             条件: argmax c_fit = h/J 1.00 (要求 = 1.0)
             注: Calabrese-Cardy ansatz 只在临界点成立 —— 比"某个数小"强。
      F2a 次判据: S(L/2) 峰位在窗口内 hj_scan                            通过
             条件: argmax S = h/J 0.95 (窗口 [0.9, 1.05])
             注: 窗口而非单点: 有限尺寸熵峰偏向 h/J<1 是预期效应。
      F2a 区分力: 非临界点正确失败 hj_scan                            通过
             条件: h/J in [0.5, 0.8, 1.2, 1.5] 上 |c-0.5|/0.5 > 20%
             注: 审计 §五.2: 能在非临界点正确失败的框架才可靠。
      F2a 诊断: gap 单调 (不作判据) hj_scan                            通过  [诊断项, 不计入分母]
             条件: gap 对 h/J 单调递减 = True
             注: 这条**故意不计入通过率**: 单调是物理预期 (GHZ->乘积态), 不是"通过"。它的作用是防止有人再把 gap 当临界判据用。
      F1 同族: 跨边界条件已运行 (PBC vs θ=π twist) cross_boundary_twist               通过
             条件: 两侧均有 3 条轨迹, L=16, chi=4
      F1 twist 保持实矩阵 (可喂 float MERA) cross_boundary_twist               通过
             条件: θ=π twist 的 H 为实矩阵 = True
             注: 连续 U(1) twist 给复矩阵, 那样就得改张量网络 dtype —— 本项刻意选 Z2 (θ=π), 只为不引入复张量网络。
      F1 边界条件确实换了态 (E0 与 S(L/2) 都变) cross_boundary_twist               通过
             条件: E0/L: -1.275287 vs -1.269146; S(L/2): 0.75006 vs 0.70039
             注: 防"伪对照": 若两者相同, 说明 twist 没生效, 这条会抓住。
      F1 MERA 全部轨迹重叠 >= 0.99 cross_boundary_twist               通过
             条件: min overlap = 0.99854 (两侧共 6 条轨迹)
             注: 重叠低说明是**优化没跑到位**, 不是物理 —— 实测朴素协议 (600 步/单种子) 在 PBC 侧只到 0.98829, 会把跨边界条件差夸大成 5.98%。
      F1 跨边界条件相对差 <= 5% cross_boundary_twist               通过
             条件: |c_twist - c_PBC|/c_PBC = 3.361% (0.50624 vs 0.52384)
             注: 审计要求 5% 标准**不放宽**。
      F1 两个偏差并列报告 (vs c_exact(L) 与 vs 0.5) cross_boundary_twist               通过
             条件: vs c_exact(L): PBC 3.278% / twist 0.453%; vs 0.5: PBC 4.768% / twist 1.247%
             注: 审计 F1②: 只报一个偏差会分别掩盖有限尺寸或方法误差。
      F1 诊断: Rényi 扫描不作独立族估计量 (L<=16 实测失效) renyi_alpha_scan                   未通过  [诊断项, 不计入分母]
             条件: c(alpha) std = 0.02252 (门槛 0.02), 均值对 0.5 偏差 = 7.97%
             注: 这条**故意不计入通过率**: 它是负面结果的可复现证据。结论是"本工作未建立独立族估计量", 而不是"通过了"。
      F5-L2 基态能量与 JW 闭合式一致 consistency_checks                 通过
             条件: 5 个 (L,h) 点 max|eigsh - JW| = 2.31e-14 < 1e-10
             注: 这是唯一一条真的独立路径: 它同时验 H 的构造、位序约定与周期边界。
      F5-L3 幂迭代残差达阈 consistency_checks                 通过
             条件: 5 个算例 max ||A x - <x,A x> x|| = 8.64e-14 < 1e-12
             注: 判据是残差, 不是步数 —— 步数没有解析预期, 残差有。
      F5-L5 Forman 在环 C_n (n>=4) 上为 0 validate_curvature                 通过
             条件: n = [4, 6, 8, 12, 100], max|F| = 0.00e+00 < 1e-12
             注: 判据是恒等式 4-deg(u)-deg(v); **n=3 必须排除** (C_3=K_3, augmented 项给 +3)。
      F5-L6a 离散拉普拉斯零和 gray_scott_invariants              通过
             条件: 周期域上 max |Sum Lap u| / (4<u>/h^2) = 5.09e-17 < 1e-13
             注: 测 stencil 系数与 roll 的包裹方向, 与守恒律无关。
      F5-L6b Gray-Scott 精确离散平衡恒等式 gray_scott_invariants              通过
             条件: max |d<u+v> - dt[F(1-<u>) - (F+k)<v>]| = 2.66e-16 < 1e-12
             注: **替代"u+v 质量守恒"这个错误判据**: 源汇项不相消, 照原判据会伪失败 (实测首步漂移已超其容差 62 倍)。这条用更新前的场算, 两侧是同一更新式的算术, 检验整个 RHS 装配。
      F5-L7 熵比与等权度满足上界 stage7_consciousness               通过
             条件: 熵比 1.0000 <= 1 且等权度 1.0000 <= 1
             注: 上界: 熵 <= ln N (均匀分布最大熵) 与 Cauchy-Schwarz。**只在非塌缩支有内容** —— 塌缩支 probs=1/N 是约定, 两条恒取等号; 该项 defined=False, 如实标注。
      F5 诊断: Gray-Scott 的 u+v 不是守恒量 stage6_life                        未通过  [诊断项, 不计入分母]
             条件: 首步 <u+v> 漂移 = -6.250e-05 != 0 (源汇项 F(1-<u>) - (F+k)<v> 不相消)
             注: **故意不计入通过率**: 这是负面事实的可复现证据 —— "u+v 守恒到 1e-6"物理上不成立, 只有恰好已在稳态时才成立。留着它是为了防止这个错误判据以后又被加回来。
      W11 诊断: L1 有到下游的因果通路 (负对照的前提) stage1_void                        通过  [诊断项, 不计入分母]
             条件: spiral_model_v16.py 中 equal_state 出现 11 处, 其中被下游取用的 = True -> 计划里的「偏置初态 -> 下游 c/xi 退化」可构造 = True
             注: **诊断项, 不计入通过率 (本项设计上就该不通过)**: 本条把L1 负对照缺口的**原因**定住, 而不是再报一次"缺口存在"。(1) **为什么该问**: 负对照的判据是"结论不成立时它必须失败"。「空无基底等权叠加蕴潜能」要能被推离, 前提是 L1 的初态**真的流到下游**; 否则推离它不改变任何读数, 控制就是摆设。(2) **v15 实测**: stage1_void 返回 {unitary, equal_state, dimension}。整仓扫描 (v14/v15 两版) —— equal_state **从未被取用**; unitary 只取其条件数上报 (spiral_model_v16.main 的 void_cond); dimension 只喂 derive_L1_local_to_full, 而后者算出的 dim_full **只被 print** (main 的 [L1] 打印行), 从不与链的实际维数 2**L_chain 比对。(3) **所以 v15 里**: L1 到下游**没有因果通路**。计划里那个形式造不出来 —— 这是本条与"回头再做"的区别。**边界**: 本条只否证那一个形式, 不给替代。**v16·B1 的更新**: B1 给 L1 建了一条真实的下游连线 (derive_L1_void_to_chain 把 equal_state 张成域态并交给阶段二), 故上面的源码扫描**已翻成 True**, 而 L1 的负对照也由 B1 的推离守卫补上 (见 _NEG_CTRL_TABLE 的 L1 行)。该翻转的含义只到接线存在为止: 本守卫仍登记为 expect_pass=False 的**诊断项, 不计分**, 通过率分母不因它变化。
      W11 诊断: l7_rho_jac_B 非恒等 (弱守卫, 登记但不计分) selfref_variant_fixpoint           通过  [诊断项, 不计入分母]
             条件: A 支 rho_jac = 1.0000000000 (rho_is_identity=True -> 恒等, 不可守); B 支 rho_jac_B = 0.9411764706, |rho_B - 1| = 5.882e-02
             注: **登记但不计分 (弱守卫)**: 计分会往通过率掺水 —— 这一点比"有没有守"重要, 所以写死在这里。(1) **A 支不可守**: rho_jac(A) 恒等于 1.0, 守它就是守一个恒假的命题, 任何参数下都不会通过。(2) **B 支可守但弱**: rho_jac_B 非恒等, 说明这一支**有分辨力**, 这是 L7 从 D 升 C 的依据; 但它是同一套自指约定在特定参数下的产物, 参数一变就可能塌回 1.0, 通过与否**不反映物理结论对不对**。把它算进分母, 等于用一个自己挑的参数换一个百分点。(3) **升级条件 (留给以后)**: 若 B 支出现**参数无关**的解析预期 (例如从自指映射的结构本身推出谱半径上界), 再升级成计分守卫; 在那之前它只是"报告"。
      F6a 对照几何族已建立 geometry_controls                  通过
             条件: 9 个实例, 3 族 ['gnm', 'tree', 'ws'], 每族 3 个
             注: 族数决定能控几个维度 (度分布 / 聚类 / 树的成分); 实例数决定百分位的分辨率 (9 实例 -> 11% 一档)。
      F6b MERA 体几何处于对照分布内 (非统计异常) curvature_report                   通过
             条件: Forman 百分位 33%, Ollivier 百分位 33% (区间 [5%, 95%])
             注: **双边界**: 落在哪一端都是异常, 两个方向都必须报 —— 只报"比随机图更不负"而不报它是否落在端点, 等于用措辞代替测量。
      F6c 诊断: MERA 并非比全部对照更负 geometry_controls                  未通过  [诊断项, 不计入分母]
             条件: Forman min(对照) = -4.088 vs MERA -2.242; Ollivier min(对照) = -0.4484 vs MERA -0.3297 -> 两个测度同时更负 = False
             注: **诊断项, 不计入通过率 (本项设计上就该不通过)**: "升级"措辞 (MERA 的负曲率比零模型更强) 没有任何数据支持, 如实登记为假。留着它是为了防止这个更强的主张以后又被写回结论里。
      F6d 诊断: mera_bulk 依赖态或键维 (不是纯线路布局) mera_init                          未通过  [诊断项, 不计入分母]
             条件: seed [0, 1, 7] 重建的 MERA 图边集完全相同 = True (|E|=91); chi [2, 4, 8] 的边集完全相同 = True -> 依赖态 = False, 依赖键维 = False
             注: **诊断项, 不计入通过率 (本项设计上就该不通过)**: 本项问的是"这个读数是不是态/键维的函数", 两个实测答案都是**否**, 所以它守不住, 如实登记为假。分四点: (1) **为什么该问**: F6b/F6c 的百分位、L5 的曲率读数, 都建立在"MERA 体几何"这张图上; 若这张图既不随态变、也不随键维变, 那些数字就不是"涌现"出来的, 而是**线路布局的解析性质**。(2) **实测·态**: 同样 L=32, chi=2, seed 0/1/7 三次构造, 图边集**逐位相同** (|E|=91; L=16 时同样相同, |E|=43, 由 v15·W10 一次性探测记录)。(3) **实测·键维 (v15·B1 补)**: 同样 L=32, seed=0, chi [2, 4, 8] 三次构造, 边集**同样逐位相同** (chi_same=True)。这一问不是修辞 —— L4 派生的键维 chi_dev=4 与 L5 实际构造用的 chi=2 **不同**, 若图随 chi 变, 那就是一条**没被声明的耦合**; 实测不变, 故该耦合不存在 (chi 只定指标维度, 不定指标与张量的关联)。(4) **代码锚点 + 解析性质**: spiral_model_v16.build_mera_graph 只读 mera.ind_map 的键值配对, 不看任何张量数值; mera_fit* 系列只调 t.modify(data=...), **从不改接线**。所以该读数只是 (L, 二进制布局) 的函数; 且 |V| = 2L-2、三角 = 0 都是二进制布局的解析值, 不是拟合出来的。**边界**: 这不等于"L5 无意义" —— MERA 的几何本就编码在接线里, 这是该架构的正常性质; 但它把 F6 的百分位从"物理结论"收紧为"线路布局的性质", 上游结论的措辞必须按此改。
      W1 可达 N 上变体 A 不秩1化 selfref_N_dependence               通过
             条件: N<=17 的命中率 {11: 0.0, 12: 0.0, 15: 0.0, 16: 0.0, 17: 0.0} 全为 0 (L<=16 能派生的 N 只有 [11, 12, 15, 16, 17])
             注: 守的是环节七的语义前提: A 在可达区间一律塌到 x*=0, 所以阶段七走的是"空无"支。若这条翻了, W4 的分列读数与 stage7 的叙事都要重看。
      W1 诊断: 冻结对照并非"永不收敛" selfref_N_dependence               未通过  [诊断项, 不计入分母]
             条件: 冻结对照收敛到 <1e-4 的比例 = 14.3% (5/35)
             注: **故意不计入通过率**: 这是负面事实的可复现证据 —— v14 印的"冻结的对照永不收敛"是绝对断言, 实测有 16.0% 的 (N,seed) 组合收敛到机器精度 (且分布双峰: <1e-8 或 >=1e-4, 中间为空)。留着它是为了防止那句绝对断言又被加回来。
      W3b 算符内容识别 (E1=sigma, E2=epsilon) spectral_central_charge            通过
             条件: E1 逐点 == R 扇区真空 True; E2 逐点 == NS 双粒子 True
             注: 守的是整项的**解释前提**: 低能端确实是 Ising 算符内容。这条不含 c 也不含 v, 是 W3b 里唯一不依赖被测量本身的守卫。
      W3b v 无关比值单调趋 8 spectral_central_charge            通过
             条件: 单调=True, L=16 比值=7.9807 (|x-8|<0.08)
             注: 比值只含 Delta2/Delta1, 不含 c 也不含 v。**v16·B3 口径订正**: 它与下方的 "谱学 c 与 0.5 相容" **同源** (同一 source_id=W3b_spectrum —— 同一次 eigsh 的三个本征值, 外加同一个 Delta1=1/8 前提), 故**不得**再写成 "独立佐证/互相印证"。它真正的效力是**前提检查**: 证明 "Delta1=1/8" 那个前提本身站得住, 不是一条独立测量。
      W3b 谱学 c 与 0.5 相容到 1% spectral_central_charge            通过
             条件: 最大偏差 0.212% < 1% (Rényi 族对照 7.97%)
             注: **强度被前提封顶**: 该读数以 Delta1=1/8 为前提, 属自洽性检查。登记为打分项是为了让缺口可见 (比 Rényi 族紧 30 倍), 不是宣称已无假设地测出 c=1/2。**v16·B3 口径订正**: 本条与上方 "v 无关比值单调趋 8" **同源** (同一 source_id=W3b_spectrum), 两者**不得**被当作两条独立证据。
      W3a 临界点走对数律 area_vs_log_law                    通过
             条件: h/J=1.0: |c_scaling-0.5|=0.0024 < 0.05 且 R2=1.0000 > 0.99
             注: 守的是"临界点上纠缠熵确实按对数发散", 用的是 S(L/2) 随 L, 不假设 Calabrese-Cardy 的 l-形状。
      W3a 非临界点走面积律 area_vs_log_law                    通过
             条件: h/J in {0.5, 1.5}: |c_scaling| 最大 0.0187 < 0.05
             注: 这条才是"面积律"三个字的实质内容: 有隙相里 S(L/2) 不随 L 涨。实测 h/J=0.5 处五个尺寸变化 <3e-4。
      W3a |c_scaling| 峰位在临界点 area_vs_log_law                    通过
             条件: argmax|c_scaling| 在 h/J=1.00 (要求 1.0)
             注: 与 F2a 的 c_fit 峰位判据同向但**不同量**: F2a 用的是 S(l) 形状拟合的 c, 本条用的是 S(L/2) 对 L 的标度。两者都指 1.0。
      W3a 诊断: S(l) 形状检验无区分力 (P0 不可兑现) area_vs_log_law                    未通过  [诊断项, 不计入分母]
             条件: 对数律在 {0.5: 'log', 1.0: 'log', 1.5: 'log'} 全部 h/J 上都击败常数模型 (dAIC = {'0.5': 10.612771716646932, '1.0': 76.14105980532997, '1.5': 16.348172975397723})
             注: **故意不计入通过率**: 这是负面事实的可复现证据。审计表 接口建议 P0 写的是"扫描切割位置, 验证 S(l) 形状", 但 L<=16 时 l 最大只到 8, 而 h/J=0.5 的关联长度约 2~3 格, S(l) 从 l≈3 就平了; 带自由 c 的对数形式能把这种快速饱和吸收掉, 于是 RMSE 反而比常数小。留着它是为了防止那条建议又被当成一条可做的检验加回来。
      W5 c(L) 单调下降趋向 1/2 finite_size_scaling                通过
             条件: c: 0.513406 -> 0.510964 -> 0.509314 -> 0.508121 -> 0.507217 -> 0.506507; 单调=True, 末点离 1/2 距 0.006507 < 首点 0.013406
             注: Ising CFT 的中心荷是 1/2, 这是解析锚点, 不是我拟合出来的。单调性是关键: 只报末点值会被"恰好接近"蒙混过去。
      W5 E0/L 单调上升趋向 -4/pi finite_size_scaling                通过
             条件: E0/L 末点 -1.274857 偏离 -4/pi=-1.273240 1.62e-03; 单调=True
             注: -4/pi 是临界 TFIM 基态能量的**解析**热力学极限, 与本项目任何拟合无关, 所以它是对 H 与标度律的第二重独立锚点。
      W5 与 spiral_loop 同 L 同数 finite_size_scaling                通过
             条件: 重叠 L=[8, 12, 16]: dc_max=3.33e-15, dxi_max=3.41e-13 (要求 < 1e-6)
             注: 两条代码路径写了两遍同一套估计量 (exact_ground_state / fit_central_charge / boundary_correlation_length / 半链 SVD)。同 L 上若不同, 就是其中一条跑偏了 —— 这是**分歧检测**, 不是两个独立测量。残余 ~1e-12 来自 eigsh 的 ARPACK 随机起点 (没传 v0), 不是口径差。
      W5 逐 L Jordan-Wigner 独立核对 finite_size_scaling                通过
             条件: max|E0_eigsh - E0_jw| = 2.8e-14 < 1e-10 于 L=[8, 10, 12, 14, 16, 18]
             注: JW 闭合式与稀疏对角化是两条独立路径。eigsh 只回答"给定这个 H 最小本征值是多少", 对 H 的位序约定/周期键/场符号一句话都没有; JW 能测出 eigsh 测不出的东西。注意这条spiral_loop 没做 —— 它是 W5 新增的。
      W5 诊断: MERA 那条腿只接受 2 的幂 finite_size_scaling                通过  [诊断项, 不计入分母]
             条件: quimb MERA 可用 L=[8, 16], 不可用 L=[10, 12, 14, 18]
             注: **故意不计入通过率**: 这是 quimb 的接口约束 (qtn.MERA 要求 L 为 2 的幂), 不是我们的物理结果, 拿它算通过率是给自己发奖。登记它是为了钉住一条事实: 审计表 P2 那条"去掉 max_L 上限"改不动天花板 —— 天花板不在算力上, 在末圈 MERA 交叉校验上。
      B1 主判据: L1 域态重叠对 h/J 单调上升且 h/J=32 时 > 0.99 derive_L1_void_to_chain            通过
             条件: overlap = 2:0.763404 -> 4:0.938351 -> 8:0.984428 -> 16:0.996097 -> 32:0.999024; 单调上升=True, h/J=32 时 0.999024 > 0.99
             注: 判据与 v16_plan.md §2.3 B1-1 一致。**有限 h**: h/J=32 不是无穷, 所以 overlap_inf = 0.999024 < 1, 差 9.764e-04 是 O((J/h)^2), 不是计算误差。
      B1 维数: dim_full 与 2**L 相符 (首次被真消费) derive_L1_local_to_full            通过
             条件: dim_full = 65536 == 2**16 = 65536
             注: v16·B1 之前 dim_full 只被 print (spiral_model_v16.main 的 [L1] 打印行), 从不与实际链维数比对。B1 把它接到 derive_L1_void_to_chain 张成的实际维数上 —— 这是 v15 审计表 L1 行第 3 条"张量积结构"由"否"转"是"的依据。
      B1 推离: 转动 L1 局部态后重叠跌破 0.9 l1_void_pushaway                   通过
             条件: 推离曲线 theta=0.1:0.960446, theta=0.3:0.700098, theta=0.6:0.237204; 首个跌破 0.9 的 theta* = 0.3 (overlap = 0.7000981430032155)
             注: **这是 L1 的第一条负对照**, 填 W6 台账 L1 的缺口。检验的是"推离 L1 会改变下游读数" —— 若 L1 对下游无作用, 转它不该改变任何东西, 这条就失败。**对计划的有意偏离**: 计划写"绕随机轴", 这里用**固定 y 轴** R_y —— 随机轴会让校准点每次运行都不同, 不可复现; 固定轴同样能测出推离是否有效。**口径限制**: 本条的overlap 由被转动的态直接算出, 所以它标定的是**灵敏度尺度**, 不是一条独立的物理证伪。
      A-参考侧来源是 v14 自建种子 tier3_structural_ladder            通过
             条件: 缓存 gs_seeds.npz, 12 个种子 [0, 1, 2, 3, 4, 5, 6, 7, 8, 9, 10, 11], 键前缀全部是 bool_/u_/v_
             注: **F3(a) 的验收判据**。旧口径的参考侧是 spiral_v13_prepare.py 从归档直接搬来的 bool 场, 而归档那条生成管线经实测(见下诊断项 A-归档 bool 场与归档浮点场一致) 无法复现。本版改成自建, 每个种子同时存二值场 (bool_)、连续 u 场尾窗 (u_)、末帧浮点 v 场 (v_), 后两者是健康判据与交叉核对的依据。
      A-参考种子在连续 u 场上健康 tier3_structural_ladder            通过
             条件: 末帧连续 u 场 std 最小值 = 0.2708 >= 0.15  (逐个: 0: 0.2894 / 1: 0.2997 / 2: 0.3048 / 3: 0.2769 / 4: 0.2960 / 5: 0.3070 / 6: 0.2990 / 7: 0.2927 / 8: 0.2752 / 9: 0.2901 / 10: 0.2708 / 11: 0.3108)
             注: **F3(a) 的验收判据, 也是本版的关键方法差别**。旧口径用二值场占空比当健康判据, 但 "a > median(a)" 恒给出 恰好 50% —— 一个完全没有结构的死场也会得满分 0.5, 那是**假阳性**。所以判据必须落在二值化之前的连续场上。实测: 未成核的死场 u 场 std≈0.04 (均值≈0.95, 场近乎均匀), 活斑图 std≈0.29。门槛 0.15 落在两者之间, 有约 7 倍间隔。
      A-同单位受控: 参考侧复刻了模型侧的积分器与初值 tier3_structural_ladder            通过
             条件: v_36_0 vs 模型侧 s6['v'] 最大绝对差 = 0.000e+00 (要求严格 0)
             注: **W2 的硬核对, 也是整个受控比较的前提**。参考侧用显式欧拉 + 5 点 np.roll 拉普拉斯、周期边界, 参数与初值都与 stage6_life 逐字相同, 所以同分辨率下它与模型侧必须是**同一个浮点序列**, 差严格为 0 —— 不是"小于某容差"。若本项不为 0, 说明"同方程"这个前提没做到, 后面所有受控比较都不成立。开销为零。
      A-同单位受控: 6 个描述子里只有 4 个在判别 tier3_structural_ladder            未通过  [诊断项, 不计入分母]
             条件: 跨 9 个受控参考场取值极差为 0 的描述子 = ['phi', 'kpk_k1'] (4/6 维有效)
             注: **诊断项 (不计入分母; 本项设计上就该不通过)**。受控口径下有两个描述子**恒为常数**, 对任何距离贡献恰好 0: (1) phi 恒 0.5 —— "a > median(a)" 的必然结果 (上方已有专条); (2) kpk_k1 恒等于 盒子/lam_pk; 两侧盒子与**物理波长**都相同, 于是它等于 L/lam_phys = 盒内波长数, **本来就与分辨率无关**。实测 9 个场 (3 个分辨率 x 3 个种子) 的 kpk_k1 全部是 4.0758。**后果**: 有效判别维度只有 4 维 (v1_lam / v2_lam2 / w50 / xi_lam), 而 structural_descriptors 的 docstring 声称给 6 个 —— 名义维度被高估了三分之一, 读 D_struct 时应按 4 维理解。这不是 bug (那两个量本来就该是常数), 但把它当成"6 维结构比较"是夸大。
      A-同单位受控: w50 不是分辨率无关的 tier3_structural_ladder            未通过  [诊断项, 不计入分母]
             条件: w50 中位数 N=36: 0.00659 -> N=72: 0.00207 -> N=144: 0.00067 (排除 seed 0); 随 N 单调下降 = True
             注: **诊断项 (不计入分母; 本项设计上就该不通过)** —— 这是 W2 量到的**描述子集的真实缺陷**, 它回头解释了旧口径里的一部分距离。w50 = "承载 50% 功率的模数 / 总非零模数"。一个**固定物理**的斑图占住固定数量的模, 而总模数 ∝ N^2, 所以 w50 应当 ∝ 1/N^2 —— 它虽然无量纲, 却**不是分辨率无关的**, 与 docstring 里"一律除以特征波长或除以总模数, 剩下的才是形状"的说法不符。实测每级约 ÷3.19 与 ÷3.10 (N 每级 x2, 1/N^2 应给 x4)。**指数定不准, 不要引它**: 排除同一个初值后每个 N 只剩 2 个种子, 中位数就是两个数的平均, 3.2 与 4 的差别在这点样本下没有意义。站得住的只有**单调下降**这一条 (守卫条件查的就是它)。**对旧口径的后果**: A1 报的参考侧 w50 = 0.00186, 模型侧 = 0.00733, 之比 3.94 —— 其中混着**纯网格分辨率**造成的成分 (旧参考侧盒子 100 格, 模型侧 36 格), 与物理无关。受控后那一项被消掉 (同 N 下比值回到 1 附近), 但读者仍不该把 w50 当作"形状"量引用。
      A-同单位受控: 旧口径的距离主要来自混杂 tier3_structural_ladder            未通过  [诊断项, 不计入分母]
             条件: 旧口径 (参考侧 = 归档 CLIP bool 场) D_struct = 0.9331; 受控口径 (vs 同物理参考) 非同一初值均值 = 0.3375; 受控侧种子散布均值 = 0.4404
             注: **诊断项 (不计入分母; 本项设计上就该不通过)** —— 本项登记的是一条关于**已发布基线**的负面事实, 不是关于模型的。对比的三方: 已发布基线 D_struct = 0.9331 (参考侧是归档 CLIP bool 场, 即 A1 上方"口径变化"表里那一列); A1 现口径 = 0.4221 (参考侧换成 v14 自建种子); 受控口径 = 0.3375。把参数相区、单位制、二值化协议、网格分辨率四者控制住之后, 模型侧与"和它同物理的参考侧"之间的距离从 0.9331 降到 0.3375, 并且**落在参考侧自身的种子散布 (0.4404) 之内** —— 即模型侧那个场只是同一分布里的一次普通抽样, 没有超出的结构差异。**结论方向必须说准**: 这不是"模型变好了", 而是**旧口径那条距离里的大部分来自混杂因子** (相区参数不同、CLIP 侧 phi 0.64~0.92 而非 0.5、盒子与网格不同), 不是来自模型与参考的物理差异。旧口径把它按"达标/不达标"裁决得出的 "0/4 达标", 正建立在这条不可归因的距离上。
      A-归档 bool 场与归档浮点场一致 tier3_structural_ladder            未通过  [诊断项, 不计入分母]
             条件: 归档 bool 场与归档浮点场 (u>中位数) 的逐格一致率: seed 0: 0.5688 / seed 5: 0.5025 / seed 10: 0.5041  -> 最高 0.5688 < 0.90
             注: **F3 实测的归档缺口 (诊断项, 不计入分母; 本项设计上就该不通过)**。旧口径的 A 段参考侧是 spiral_v13_prepare.py 直接从归档搬来的 bool 场 (源码注释: "源文件本身已是 bool, 直接搬")。本版把这批 bool 场与同一归档里对应的**浮点**场逐格比对: seed 0: float_u mean=0.6995 std=0.2930, bool 占空比=0.6378, 一致率 u>med=0.5688 v>med=0.4066 / seed 5: float_u mean=0.6993 std=0.2935, bool 占空比=0.9181, 一致率 u>med=0.5025 v>med=0.4919 / seed 10: float_u mean=0.6992 std=0.2950, bool 占空比=0.9125, 一致率 u>med=0.5041 v>med=0.4869 —— 与 (u>中位数) 的一致率在 0.5 附近 (与随机猜测无异), 与 (v>中位数) 更低。也就是说: **归档里那批 bool 场不是同目录下浮点场的任何简单二值化**, 生成它们的那条 100^2/300 帧管线不在归档里, 无法复现。另一条独立事实: 三个浮点场的统计量几乎相同 (见上), 因为归档 data_make.py 的初始条件是硬编码的, 其中 np.random.seed 与 random.seed 设了却从未被使用 —— 三个"种子"实际同出一个 IC。**后果**: 那个 scatter 不是种子间散布, 它测的是一条来路不明的管线的抖动; 而 lam_pk 中位数 1.4514 格恰是二维离散谱角点 (1.4142 格), 是那种场里 1 格台阶的伪像。本版的处置: 参考侧换成自建种子, 旧数字作为已发布基线并列报出, **不声称旧值被"修正"**, 而是明确标注它建立在一个不可复现的缓存上。
      A-phi 携带场的结构信息 tier3_structural_ladder            未通过  [诊断项, 不计入分母]
             条件: 模型侧 phi=0.500000, 参考侧 phi 落在 [0.499900, 0.500000] —— 全部贴住 0.5
             注: **两侧同规则带来的必然结果 (诊断项, 不计入分母; 本项设计上就该不通过)**。_binarize_median 取 "a > median(a)", 参考侧又是逐帧取中位数, 所以 phi 恒在 0.5 附近 —— 实测参考侧 12 个种子的 phi 全部是 0.5000 (其中一个 0.4999, 是偶数格点抽到并列值时的舍入, 不是结构信号), 模型侧 phi 与参考中位数逐项距离恰好 0.0000 (见上节 per_key)。**所以 phi 在本口径下不携带任何场的结构信息**, 它只是一条恒等式。旧口径的实际后果更糟: 模型侧走中位数 (phi≡0.5), 参考侧走归档 bool 场 (phi 0.6378/0.9181/0.9125), 于是一个**恒量**去比一个**变量** —— 逐项距离里 phi 一项就贡献 0.3964 (见上节已发布基线), 而那条 D_struct 是 0.9331, 即**四成以上的"距离"来自这条恒等式**。换成两侧同规则后 phi 贡献恰好 0, 恒等式因此变得无害。**诚实边界**: 这不代表 phi 是个好描述子 —— 它在本口径下没有信息量, 只是"无害"; 保留它是为了不静默改变描述子集合的维度(4 个 vs 5 个)。若将来要给 phi 注入信息, 必须改用与二值化无关的阈值口径, 而那会同时改变两侧, 属于另一次口径变更。
      A-char_scale 的 lam_pk 有独立佐证 tier3_structural_ladder            未通过  [诊断项, 不计入分母]
             条件: lam_pk vs 未二值化 v 场的 Δ² 峰: 中位偏差 12.8%; vs 自相关尺度 4*xi_ac: 中位偏差 46.6%; 且 12 个种子只给出 6 个不同的 lam_pk
             注: **F3(b) 的诚实缺口 (诊断项, 不计入分母; 本项设计上就该不通过), 按用户决定不改 _char_scale**。审计曾要求先给 _char_scale 加"峰必须在谱内部"的判据再动 F3。实测后把这个诊断**改写了**, 因为量到的比原判更不利 —— 分三层说清:(1) **角点伪像的说法被否掉一半**: 旧参考侧观测到的 λ=1.4514 格确实落在二维离散谱角点 1.4142 格上 (|n|=(N/2,N/2), 网格能表示的**最短**波长), 但那是**归档 bool 场自身**的 1 格台阶造成的; 换成自建种子后 lam_pk 中位数变成 28.7475 格, 离角点很远。所以角点伪像不是 _char_scale 的固有 bug, 它取决于输入场。(2) **但 lam_pk 缺少独立佐证 —— 这是新量到的负面事实**: 与"同一个估计量作用在未二值化的 v 场"相比, 中位偏差 12.8% (最大 231%), 属于弱一致; 而与**真正独立**的自相关尺度 4*xi_ac 相比, 中位偏差 46.6% (最大 98%) —— 不一致, 且是**系统性**的: 自相关尺度恒比 lam_pk 大 (实测中位数 58.0 格 vs 28.7 格), 不是随机散布。已发布说明里"两条独立路线互相印证"那句话在自建参考家族上**不成立**, 此处撤回。(3) **而且它是量化的**: _char_scale 取 Δ²(k) 在**离散壳**上的 argmax, 所以 lam_pk 只能取离散值 —— 本段 12 个种子只给出 6 个不同的 lam_pk。模型侧与参考侧的 kpk_k1 因此都等于 4.0758, 这不是"两个盒子装了同样多的波长"这条物理结论; 而 n_lam ≡ kpk_k1 ≡ 盒子边长/lam_pk 只是同一个量的换写, 本身也不是独立测量。**为什么不改**: 修它需要一个有物理依据的取峰规则, 而 v14 试过的替换方案 (在 λ>=k 的壳里取 P(k) 最大者) 在合成条纹上验证通过 (7.692 vs 真值 8 / 16.667 vs 真值 16), 但在真实场上退化到盒子尺度的低频团块 (三个参考种子都给 46.841), 稳定性不达标 —— 拿一个未验证的估计量换掉一个已知有缺陷的估计量, 风险大于收益。故按用户决定照实报缺口。(4) **第三条佐证路径也不通, 但原因查清了 (v15·W9)**: 本来最独立的候选是 Gray-Scott 的 Turing 线性稳定性给出的 λ_c —— 它与谱峰 argmax、与自相关尺度都没有共同来源。实测这条路**不存在**: 两组参数的判别式 F²−4F(F+k)² 都 < 0, 没有非平凡齐次定态, 无 λ_c 可算 (详见下一项诊断)。同时排掉两个更省事的解释: 缺口**不是估计量造成的** —— 在模型场上 Δ²-argmax 与 P(k)-argmax、二值场与原始场, 四条谱路给出的波长**逐位相同** (都是 8.8326 格); 缺口**也不是"谱太宽、没有单一波长"造成的** —— 模型侧谱峰半高只占 1 个壳, 原始场的谱参与比只有 1.8/25, 是很窄的峰。缺口在模型侧**同样复现**: 以 4*xi_ac 为分母, 模型侧 44.8% vs 参考侧 46.6%。剩下的候选是"空间排布不规则"(模型侧逐行段长 CV≈1.1, 接近指数分布, 而规则条纹应≈0), 但**这条没有直接测**, 只是最省事的推断, 不得当结论引用。**边界**: 本段的 lam_pk 与 n_lam 只能按"某条离散壳上的一个读数"读, 既不保证是斑图波长, 也没有独立佐证; 涉及"盒子内波长数"的结论一律降级为量级陈述, 不能作为定量结论引用。
      A-lam_pk 的第三条佐证路径存在 (Turing 线性稳定性) tier3_structural_ladder            未通过  [诊断项, 不计入分母]
             条件: 非平凡齐次定态判别式 F²−4F(F+k)²: 模型 -3.850e-05 (F=0.035, k=0.06, 临界 k=0.058541); 参考 -8.160e-06 (f=0.01, k=0.042, 临界 k=0.040000) —— 两侧都 < 0, 只有平凡定态 (u,v)=(1,0), 无 λ_c 可算
             注: **这是缺口的原因之一被查清, 不是一条失败的检验** (诊断项, 不计入分母; 本项设计上就该不通过)。上游那项诊断 「A-char_scale 的 lam_pk 有独立佐证」记的是"缺口存在", 本项记的是"为什么补不上"。分三点:(1) **为什么这条路本来是对的选法**: Turing 线性稳定性从反应-扩散方程本身出发, 与谱峰 argmax 用的同一个 Δ²(k)、与自相关首次过零都没有共同来源 —— 它本是三路里唯一真正独立的。(2) **为什么它不存在**: 非平凡齐次定态要求 v≠0 支 F u² − F u + (F+k)² = 0 有实根, 即 F >= 4(F+k)²。两组参数都差一点: 模型侧 4(F+k)² 超出 F 约 3.1%, 参考侧约 8.2%; 换成临界 k 看, 模型侧 k=0.06 比 k_crit=0.058541 高 2.49%, 参考侧 k=0.042 比 k_crit=0.040000 高 5.00%。判别式**与扩散系数无关**, 所以归档 meta 不给 Du/Dv 不影响这条结论; 更新式已逐字核对 spiral_model_v16.stage6_life。(3) **不要把它读成"所以斑图是宽带的"**: 这个推断被实测否掉了 —— 模型侧谱峰半高只占 1 个离散壳, 原始 v 场的谱参与比只有 1.8/25。同一项侦察还否掉了"估计量取法造成缺口": 四条谱路 (Δ² / P(k) × 二值 / 原始) 在同一场上给出**逐位相同**的波长。缺口在模型侧同样复现 (44.8% vs 参考侧 46.6%), 说明它是这类场的性质, 不是归档数据的怪癖。**边界**: 本条只否证, 不给出替代佐证 —— lam_pk 至今仍然没有独立佐证, 上游那项诊断的降级结论不因本条而放宽。
      F7 _char_scale 输入校验生效 structural_descriptors             通过
             条件: 空场报错, 全零/全一/常数场标 invalid, 周期条纹标 valid -> 空场: invalid (报错), 全零: invalid, 全一: invalid, 常数场: invalid, 周期条纹: valid
             注: 守的是"退化输入不再静默产出可用数字"。原来的调用方守卫是isfinite(lam) and lam>0, 而平坦场的 lam 恰好有限且为正 (= box), 那个守卫接不住 —— 它不是失效, 是本就不为这件事写的。**这条不改取峰规则**: 只加校验与标位, argmax 口径一字未动, 因为换掉它需要一个有物理依据的替代规则, 而试过的替代方案在真实场上稳定性不达标。实测: 常数场 lam=30.8831 (无效值), 周期条纹 (周期 9 格 / 盒子 36 格) lam=8.8326 格。**诚实边界**: valid=False 只说"这次输入不满足定波长的前提", 不说 lam 一定是错的; valid=True 也不说 lam 有独立佐证 —— 那一条由上方 A 段诊断项回答。
      T3-1 A 段产出有限值 tier3_structural_ladder            通过
             条件: D_struct=0.4221, R_P=1.7468 均为有限
             注: 参考侧或模型侧任一退化 (全 0/全 1 场) 都会让描述子变成 NaN/inf; 这条守的是"这套尺子还量得出数"。
      T3-2 波峰时序全部可用 tier3_structural_ladder            通过
             条件: 3/3 份记录产出了波峰间隔统计
             注: 波峰标记是原始作者的数值列, 不经过 .tif 图版渲染; 这条守的是 B 段唯一"硬"的量确实拿到了。
      T3-3 时序周期判定给出结论 tier3_structural_ladder            通过
             条件: 3 份序列都有明确的检出/未检出结论
             注: **"未检出"也算结论**。这条守的是不会出现"报了个数但没说 它可不可信"的情况 —— 第一版正是那样报出了 2161.0 帧。
      T3-4 波峰周期通过独立交叉检验 tier3_structural_ladder            通过
             条件: 3/3 份记录的波峰周期在强度序列上做了自相关滞后检验
             注: 守的是"两个独立提取都对得上"这件事**被检验过**。注意它守的不是"检验通过" —— 记录本身不规则 (CV 大) 时检验本就不该通过, 那是物理结论。判据与结论分离, 否则又回到"用阈值裁决物理"的错法。
      T3-5 未检出结论不依赖预热段 tier3_structural_ladder            通过
             条件: 9 种 (序列 x 裁剪) 组合全部未检出; 头部暗帧 [16, 22, 28] 帧
             注: 守的是"这个结论不是预处理假象"。三条序列的头部是相机预热的暗帧 (亮度 25.6 vs 稳态 84~115), 一段硬阶跃; 它给谱灌进宽频功率, 把漂移占比**压小**。这条守的是: 去掉预热段、以及再去掉一段上升沿之后, "未检出"依然成立 —— 否则这个结论就只是那 16 帧暗帧的产物。
      T3-4b Reading 谱峰经自相关交叉检验 tier3_structural_ladder            通过
             条件: 3/3 份 Reading 序列在强度序列上做了自相关滞后检验 (候选滞后取带内 argmax 周期), 其中 0 份确认周期
             注: 守的是"Reading 侧也有第二条独立路径", 不是"它确认了周期"。谱方法对不规则波形是弱的 (波峰间隔 CV 大时谱线被自身抹平), 自相关不要求严格周期, 所以两法**都指不出周期、这个一致本身就构成证据**: 谱峰与自相关都没给出可确认的周期 => "未检出"不是谱方法偏保守。判据与结论分离 —— 让阈值裁决物理是已经犯过一次的错法。 (v15·W8: 自相关在掐掉头部预热暗帧后计算, 口径同 trim_sensitivity; 见调用点的门槛说明。)实测: timelapse20220113_Reference: 270帧 ac(T)=+0.17 比=+0.42, timelapse20220118_2min: 270帧 ac(T)=+0.10 比=+0.20, timelapse20220119_20min: 270帧 ac(T)=+0.36 比=+0.48。
      T3-5b 前后窗口漂移比已量化 (不作裁剪依据) tier3_structural_ladder            未通过  [诊断项, 不计入分母]
             条件: 前 10% / 后 10% 最小二乘斜率之比 max = 68.87 > 2 (逐个: timelapse20220113_Reference: 68.87, timelapse20220118_2min: 19.07, timelapse20220119_20min: 51.24)
             注: **诊断项, 不计入通过率 (本项设计上就该不通过)**: 头部暗帧是一段硬阶跃, 它给整条序列灌进一个单边趋势, 于是前窗口的斜率被这个趋势主导。这条把"漂移比有多大"量化出来。**它不驱动任何裁剪** —— 自动掐掉前段等于改变已经报出去的口径; 裁剪与否由 trim_scan 的敏感性扫描裁决 (见 T3-5)。判据与动作分开, 是为了不让一个阈值悄悄改掉读数。
      W6 台账与守卫注册表一致 negative_control_ledger            通过
             条件: 台账引用的守卫名全部存在于 GUARDS (幻影引用 无), 七层各出现一次 (缺失 无)
             注: 这不是物理结论, 是**台账本身的完整性**: 没有它, 台账可以写成宣传册 —— 引用不存在的守卫、或整层漏掉。校验对象是 GUARDS 这个真实注册表, 不是表里自报的数。
      W6 诊断: 负对照逐层覆盖 negative_control_ledger            通过  [诊断项, 不计入分母]
             条件: 有负对照的层: ['L1', 'L2', 'L3', 'L4', 'L5', 'L6', 'L7'] = 7/7; 缺口 []
             注: **故意不计入通过率**: "逐层"是审计表提的目标, 不是模型的性质。把它算进通过率等于拿一张待办清单给自己打分。实测缺口 (L1, 以及 W12 之前的 L4) 是真实产出, 不该被百分比掩掉。

      通过率 = 57/57 = 100.0%   (另有诊断项 21 项, 其中未通过 16 项 —— 那是设计上就该失败的对照)

  ── 汇总 ──
      第1层 (内部自洽性): 达标 6/6  (另有诊断项 2 项)
      第2层 (微观物理对标): 达标 13/13
      第3层 (宏观结构对标): 达标 0/0  (另有诊断项 6 项)
      合计: 达标 19/19
  数据已保存: D:\dev\product\python\spiral-emergence\v16/result\_v16_data.json

  图像已保存: D:\dev\product\python\spiral-emergence\v16/result\spiral_v16.png

  指标图已保存: D:\dev\product\python\spiral-emergence\v16/result\spiral_v16_metrics.png

============================================================================
  汇总
  因果链台账 (40 条):
            L1: 派生 65536 vs 手工 4  != 手工基线
            L1: 派生 '已接线' vs 手工 '未接线'  != 手工基线
            L2: 派生 0.366151 vs 手工 0.5  != 手工基线
            L3: 派生 17 vs 手工 64  != 手工基线
            L4: 派生 4 vs 手工 4  = 手工基线
            L5: 派生 -2.2418 vs 手工 -2.2418  = 手工基线
            L6: 派生 36 vs 手工 40  != 手工基线
            L2: 派生 0.996733 vs 手工 0.5  != 手工基线
            L3: 派生 12 vs 手工 64  != 手工基线
            L4: 派生 4 vs 手工 4  = 手工基线
            L2: 派生 0.849046 vs 手工 0.5  != 手工基线
            L3: 派生 16 vs 手工 64  != 手工基线
            L4: 派生 4 vs 手工 4  = 手工基线
            L2: 派生 0.638996 vs 手工 0.5  != 手工基线
            L3: 派生 17 vs 手工 64  != 手工基线
            L4: 派生 4 vs 手工 4  = 手工基线
            L2: 派生 0.49994 vs 手工 0.5  != 手工基线
            L3: 派生 17 vs 手工 64  != 手工基线
            L4: 派生 4 vs 手工 4  = 手工基线
            L2: 派生 0.417347 vs 手工 0.5  != 手工基线
            L3: 派生 17 vs 手工 64  != 手工基线
            L4: 派生 4 vs 手工 4  = 手工基线
            L2: 派生 0.366151 vs 手工 0.5  != 手工基线
            L3: 派生 17 vs 手工 64  != 手工基线
            L4: 派生 4 vs 手工 4  = 手工基线
            L2: 派生 0.319498 vs 手工 0.5  != 手工基线
            L3: 派生 17 vs 手工 64  != 手工基线
            L4: 派生 4 vs 手工 4  = 手工基线
            L2: 派生 0.259365 vs 手工 0.5  != 手工基线
            L3: 派生 17 vs 手工 64  != 手工基线
            L4: 派生 4 vs 手工 4  = 手工基线
            L2: 派生 0.184976 vs 手工 0.5  != 手工基线
            L3: 派生 17 vs 手工 64  != 手工基线
            L4: 派生 2 vs 手工 4  != 手工基线
            L2: 派生 0.104733 vs 手工 0.5  != 手工基线
            L3: 派生 16 vs 手工 64  != 手工基线
            L4: 派生 2 vs 手工 4  != 手工基线
            L2: 派生 0.039766 vs 手工 0.5  != 手工基线
            L3: 派生 13 vs 手工 64  != 手工基线
            L4: 派生 2 vs 手工 4  != 手工基线
            L2 派生收敛比 = 0.366151 -> 实测收敛比 0.358751
  闭环 spiral_loop(): 三量分述
            c_t: 0.5134 -> 0.5093 -> 0.5072 -> 0.5072 -> 0.5072 -> 0.5072  (理论 0.5)
            xi/L: 1.665 -> 1.349 -> 1.207 -> 1.207 -> 1.207 -> 1.207
            gap_t: 0.3089 -> 0.3434 -> 0.3662 -> 0.3662 -> 0.3662 -> 0.3662
            L_t: 8 -> 12 -> 16 -> 16 -> 16 -> 16  [max_L 已触顶]
            相对谱隙 1-r: 0.6911 -> 0.6566 -> 0.6338 -> 0.6338 -> 0.6338 -> 0.6338  (谱隙闭合 = 趋向临界)
            裁决: 无量纲不变量稳定 (第 3 圈起收敛), 尺度发散 = 临界性
  MERA: 14 张量, 酉性误差=7.8e-16, 等距误差=2.2e-16
            派生键维 chi=4: L=16 重叠=0.9990, c=0.5226
            L=8 chi=2: 重叠=0.9927, c=0.6071
            L=8 chi=4: 重叠=0.9991, c=0.5359
            L=16 chi=2: 重叠=0.9617, c=0.6037
            L=16 chi=4: 重叠=0.9883, c=0.5653
            [精确对照] L=8: c=0.5134
            [精确对照] L=16: c=0.5072
  幂迭代·受控谱隙: 理论比/实测比 0.90/0.90, 0.50/0.49, 0.20/0.19, 0.05/0.05
            Jordan 块 (特征值全=0.9, 谱隙=0, rho=0.90<1): 方向不收敛(步长比=0.999); 状态范数 1.0 -> 峰 145.5 -> 3.8e-06 (k=300)
            模相等反例: 末段步长仍=1.322 (不收敛)
            自指网络相图: 不动点 -> 不动点 -> 不动点 -> 不动点 -> 极限环 -> 极限环 -> 极限环
            权重-状态耦合: 冻结|dx|=1.44e+00 (不收敛) -> 自指后 |dx|=2.23e-08 (收敛)
            权重秩1化只在变体 B 成立: A(sigma1/sigma2=1.13e+00) vs B(3.27e+09)
            诚实边界: 手工 N=64 时 A、B 都秩1化; 派生 N=17 后只剩 B,
            且 g=2.0 的混沌消失 (变成极限环) —— 相图依赖 N, 不是普适的。
  曲率解析锚点全部通过 (到机器精度)
            MERA 体几何: Forman 均值=-2.242, Ollivier 均值=-0.3297 (负边占比 0.79) -> 负曲率
            边界关联几何: Ollivier 均值=+0.1914 (负边占比 0.11)
            零模型对照族: 9 个实例 (3 族), Forman [-4.088, -0.129], Ollivier [-0.4484, -0.0645]
  既有文档 spiral_v13_说明.md 的 A 段有两条说法被本次实测推翻 —— 'scatter 是参考侧种子间散布'与'两条独立路线互相印证';
            依据是上方 A 段两个诊断项 (归档 bool 场与归档浮点场一致 / lam_pk 有独立佐证), 两项目前都未通过。该文档未改动。
  指标层: 体检报告见上方; 守卫通过率 57/57 = 100.00% (另有 21 项诊断项不计入, 其中 16 项未通过)
            产物: spiral_v16_metrics.png (20 面板) + _v16_data.json
  总用时 1344s
============================================================================
  变化以周期性偏振，统一于空无；
  增长以螺旋式上升，起始于终结。
  本自具足。🌊

=== v16 · B3 claim↔test 口径账本  [v16-claim-ledger-1] ===
    注册规模: 指标 27 条, 守卫 78 条, 负对照 13 条
    [(a) 孤儿主张] 8 条 / 分母 19 条 (**只报不判**）
        · 无守卫指认: 共形不变性
        · 无守卫指认: MERA 一致性
        · 无守卫指认: 全程稳健性
        · 无守卫指认: 因果链拟合 RMSE
        · 无守卫指认: 纠缠熵 KL 散度
        · 无守卫指认: 关联衰减指数
        · 无守卫指认: Jordan 块收敛率
        · 无守卫指认: 13 负对照台账 (逐层)
    [(b) 幻影引用] 无 -> 通过
    [(c) 伪独立]   0 条 -> 通过
    [(d) 未归层项] 0 条 -> 通过
    [(e) 台账 claim 列] 未登记 0 / 幻影 0 / 指向不存在的主张 0 -> 通过
    口径匹配率（分子 = 被既有守卫指认到的, 分母 = 有 pass/fail 判定的 tier-1/2 指标）:
        L1: 1/1   (同层守卫 4 条)
        L2: 2/3   (同层守卫 13 条)
        L3: 1/3   (同层守卫 5 条)
        L4: 1/5   (同层守卫 3 条)
        L5: 5/5   (同层守卫 23 条)
        L6: **无计分指标** (同层守卫 7 条)
        L7: **无计分指标** (同层守卫 2 条)
        EXT: **无计分指标** (同层守卫 17 条)
        X: 1/2   (同层守卫 4 条)
    同源登记: 1 组
        [W3b_spectrum] 3 条读数 **同源** ⇒ 不得写成「互相印证/独立佐证」
    => (b)(c)(d)(e) 合计: 通过
EXIT=0  用时 1358.6 s  ->  符合登记预期  [全机 CPU 忙 60.8%, 8 核]

==============================================================================
=== 汇总 ===
  该通过的: 1/1  (100.0%)
    ✓ full_pipeline+claim_ledger  1358.6s  符合登记预期
  预期失败(单列, 不进分母): 0 条, 其中未按预期失败 0 条

总用时 1358.9 s
